time,open,high,low,close,volume
1672610400,1.07039,1.0709,1.06937,1.06985,174
1672624800,1.06985,1.07041,1.06852,1.06968,598
1672639200,1.06968,1.07011,1.06636,1.06791,7812
1672653600,1.06791,1.06898,1.0675,1.0679,5783
1672668000,1.0679,1.06822,1.06516,1.0661,7429
1672682400,1.0661,1.06744,1.06504,1.06638,2484
1672696800,1.06638,1.06835,1.06502,1.066,15034
1672711200,1.066,1.06804,1.06578,1.06636,14332
1672725600,1.06636,1.06679,1.05341,1.05476,39314
1672740000,1.05476,1.057,1.05195,1.05603,33241
1672754400,1.05603,1.05974,1.05376,1.05463,42112
1672768800,1.05463,1.05688,1.05432,1.0549,16894
1672783200,1.0549,1.05699,1.05408,1.05669,18153
1672797600,1.05669,1.05785,1.05616,1.05694,12024
1672812000,1.05694,1.06354,1.05598,1.06108,35333
1672826400,1.06108,1.06245,1.0595,1.06106,24753
1672840800,1.06106,1.06285,1.05814,1.06074,41335
1672855200,1.06074,1.06129,1.05852,1.06044,24663
1672869600,1.06044,1.06316,1.06011,1.06202,14004
1672884000,1.06202,1.06204,1.06016,1.06108,12651
1672898400,1.06108,1.0629,1.05902,1.06234,24132
1672912800,1.06234,1.06261,1.05514,1.05524,29775
1672927200,1.05524,1.05677,1.0515,1.053,42258
1672941600,1.053,1.05433,1.05158,1.05215,20043
1672956000,1.05215,1.05326,1.05192,1.05252,10008
1672970400,1.05252,1.05366,1.05108,1.05146,10294
1672984800,1.05146,1.0531,1.04964,1.05073,22541
1672999200,1.05073,1.05452,1.04833,1.05428,33419
1673013600,1.05428,1.06382,1.05009,1.06376,52056
1673028000,1.06376,1.06482,1.06296,1.06444,12601
1673215200,1.06444,1.06724,1.06394,1.06668,12744
1673229600,1.06668,1.06832,1.06662,1.06772,12200
1673244000,1.06772,1.06998,1.06603,1.06722,26774
1673258400,1.06722,1.07318,1.06617,1.07251,26422
1673272800,1.07251,1.07608,1.07116,1.07502,29688
1673287200,1.07502,1.07542,1.07302,1.07338,17196
1673301600,1.07338,1.074,1.07208,1.07364,17846
1673316000,1.07364,1.07442,1.07213,1.07428,13482
1673330400,1.07428,1.07518,1.0722,1.07461,24358
1673344800,1.07461,1.07462,1.07122,1.07216,21473
1673359200,1.07216,1.07594,1.07216,1.07335,39037
1673373600,1.07335,1.0744,1.07278,1.07342,12479
1673388000,1.07342,1.07455,1.07256,1.0731,12846
1673402400,1.0731,1.0757,1.07266,1.07476,10587
1673416800,1.07476,1.07574,1.07256,1.07416,21391
1673431200,1.07416,1.07552,1.07282,1.07498,22001
1673445600,1.07498,1.07764,1.07364,1.07468,26024
1673460000,1.07468,1.07685,1.0735,1.07579,12916
1673474400,1.07579,1.07748,1.07523,1.07667,18133
1673488800,1.07667,1.07753,1.07614,1.07628,10233
1673503200,1.07628,1.07736,1.07428,1.07654,20812
1673517600,1.07654,1.08388,1.07305,1.08292,38456
1673532000,1.08292,1.08491,1.07518,1.08488,62393
1673546400,1.08488,1.0867,1.08394,1.08514,23667
1673560800,1.08514,1.0868,1.08454,1.0856,13248
1673575200,1.0856,1.08564,1.08318,1.08372,13404
1673589600,1.08372,1.08646,1.08332,1.08425,27156
1673604000,1.08425,1.08518,1.07926,1.07938,28243
1673618400,1.07938,1.08388,1.07804,1.0828,39905
1673632800,1.0828,1.08358,1.0818,1.08324,11938
1673820000,1.08324,1.08724,1.08204,1.0868,14175
1673834400,1.0868,1.08743,1.08509,1.08608,12160
1673848800,1.08608,1.08608,1.08015,1.08212,22142
1673863200,1.08212,1.08368,1.08059,1.08158,18434
1673877600,1.08158,1.08292,1.08118,1.08138,14375
1673892000,1.08138,1.08248,1.08109,1.08237,2841
1673906400,1.08237,1.08338,1.0814,1.08174,12824
1673920800,1.08174,1.0833,1.08062,1.0831,11532
1673935200,1.0831,1.08388,1.0811,1.08175,24460
1673949600,1.08175,1.0858,1.08092,1.08426,31262
1673964000,1.08426,1.08695,1.07744,1.07822,44153
1673978400,1.07822,1.08039,1.07798,1.0788,13879
1673992800,1.0788,1.07964,1.07824,1.07964,9996
1674007200,1.07964,1.07994,1.07662,1.07798,26773
1674021600,1.07798,1.08718,1.07796,1.087,35276
1674036000,1.087,1.08702,1.08116,1.08584,34223
1674050400,1.08584,1.08876,1.07873,1.0796,48847
1674064800,1.0796,1.07994,1.0787,1.07946,17464
1674079200,1.07946,1.07984,1.07826,1.07878,13073
1674093600,1.07878,1.08056,1.07824,1.07917,12027
1674108000,1.07917,1.08295,1.07822,1.08248,23627
1674122400,1.08248,1.08385,1.07956,1.08098,32157
1674136800,1.08098,1.08251,1.07835,1.08164,35721
1674151200,1.08164,1.084,1.0813,1.08312,18124
1674165600,1.08312,1.08442,1.08281,1.08364,7927
1674180000,1.08364,1.08442,1.08251,1.08352,9622
1674194400,1.08352,1.0859,1.08209,1.0831,20122
1674208800,1.0831,1.08474,1.08024,1.08066,23998
1674223200,1.08066,1.08478,1.08046,1.08439,29157
1674237600,1.08439,1.08585,1.08337,1.08555,13581
1674424800,1.08555,1.08998,1.08555,1.08948,11606
1674439200,1.08948,1.09033,1.08892,1.08923,9596
1674453600,1.08923,1.0927,1.08872,1.09118,22968
1674468000,1.09118,1.09155,1.08532,1.0859,26396
1674482400,1.0859,1.0876,1.08462,1.08626,34347
1674496800,1.08626,1.08732,1.08475,1.08718,15734
1674511200,1.08718,1.08827,1.08678,1.0881,6897
1674525600,1.0881,1.0883,1.08694,1.08782,6766
1674540000,1.08782,1.08981,1.0852,1.0861,21011
1674554400,1.0861,1.0881,1.08521,1.0866,22246
1674568800,1.0866,1.0887,1.08352,1.08835,36115
1674583200,1.08835,1.08891,1.0874,1.08882,9952
1674597600,1.08882,1.08942,1.08808,1.08932,9212
1674612000,1.08932,1.09028,1.0892,1.08976,8188
1674626400,1.08976,1.09114,1.0868,1.08814,20208
1674640800,1.08814,1.0885,1.08574,1.08722,22674
1674655200,1.08722,1.09237,1.08687,1.08992,35136
1674669600,1.08992,1.09182,1.08992,1.09152,12076
1674684000,1.09152,1.09248,1.0907,1.09192,8496
1674698400,1.09192,1.09218,1.09092,1.09188,8495
1674712800,1.09188,1.09296,1.08926,1.08958,20497
1674727200,1.08958,1.09084,1.08731,1.09026,24189
1674741600,1.09026,1.09176,1.08506,1.08648,37989
1674756000,1.08648,1.08948,1.08636,1.08912,10497
1674770400,1.08912,1.09004,1.08862,1.08896,8370
1674784800,1.08896,1.089,1.08659,1.08738,8563
1674799200,1.08738,1.08922,1.08658,1.08838,17118
1674813600,1.08838,1.08954,1.08594,1.08622,20314
1674828000,1.08622,1.08792,1.08379,1.08666,34730
1674842400,1.08666,1.0873,1.08564,1.08679,9630
1675029600,1.08679,1.08758,1.086,1.08736,9231
1675044000,1.08736,1.08796,1.08644,1.08692,13529
1675058400,1.08692,1.09042,1.0853,1.0902,22109
1675072800,1.0902,1.09139,1.08861,1.08862,22019
1675087200,1.08862,1.08998,1.08576,1.08578,29853
1675101600,1.08578,1.08607,1.08394,1.08517,11979
1675116000,1.08517,1.08602,1.08468,1.08578,10153
1675130400,1.08578,1.08592,1.08331,1.08348,8942
1675144800,1.08348,1.08498,1.08022,1.08299,22932
1675159200,1.08299,1.08634,1.08202,1.0851,27370
1675173600,1.0851,1.08678,1.08336,1.08654,35275
1675188000,1.08654,1.08749,1.08599,1.08632,10612
1675202400,1.08632,1.08657,1.08571,1.08572,6626
1675216800,1.08572,1.0875,1.08522,1.08717,6943
1675231200,1.08717,1.08886,1.0866,1.08836,18570
1675245600,1.08836,1.09102,1.08797,1.0904,20898
1675260000,1.0904,1.09246,1.08886,1.09079,31077
1675274400,1.09079,1.10013,1.08889,1.09896,48291
1675288800,1.09896,1.1033,1.09856,1.10134,14908
1675303200,1.10134,1.10256,1.1012,1.10201,10939
1675317600,1.10201,1.10218,1.0989,1.09986,21460
1675332000,1.09986,1.10044,1.09439,1.09454,36923
1675346400,1.09454,1.09666,1.08854,1.09086,47210
1675360800,1.09086,1.09228,1.09052,1.09098,19300
1675375200,1.09098,1.09116,1.0891,1.0894,9492
1675389600,1.0894,1.08984,1.08872,1.08938,8952
1675404000,1.08938,1.09312,1.0882,1.09301,20780
1675418400,1.09301,1.09404,1.08266,1.08398,31521
1675432800,1.08398,1.08764,1.08092,1.08246,50818
1675447200,1.08246,1.08248,1.07928,1.0794,18703
1675634400,1.0794,1.07986,1.07812,1.07851,14258
1675648800,1.07851,1.07991,1.07822,1.07967,12983
1675663200,1.07967,1.07981,1.07651,1.07665,20604
1675677600,1.07665,1.07834,1.07566,1.07581,21618
1675692000,1.07581,1.07662,1.07094,1.07132,29289
1675706400,1.07132,1.07374,1.07102,1.0725,11672
1675720800,1.0725,1.07428,1.0724,1.07412,9095
1675735200,1.07412,1.07428,1.07286,1.07404,11783
1675749600,1.07404,1.07438,1.0697,1.0711,25986
1675764000,1.0711,1.07228,1.06858,1.06954,24917
1675778400,1.06954,1.07667,1.06692,1.076,39419
1675792800,1.076,1.07626,1.06874,1.07274,36818
1675807200,1.07274,1.07352,1.0723,1.07266,7116
1675821600,1.07266,1.0735,1.0724,1.07338,7564
1675836000,1.07338,1.07609,1.07241,1.07552,21208
1675850400,1.07552,1.0756,1.07258,1.07316,19641
1675864800,1.07316,1.07434,1.07136,1.07284,32834
1675879200,1.07284,1.07394,1.07095,1.07143,14501
1675893600,1.07143,1.07261,1.07094,1.07248,12867
1675908000,1.07248,1.0738,1.07238,1.07356,9184
1675922400,1.07356,1.0769,1.07243,1.07637,22380
1675936800,1.07637,1.07902,1.07588,1.07898,22642
1675951200,1.07898,1.07911,1.0739,1.07488,30006
1675965600,1.07488,1.07488,1.07316,1.0739,16616
1675980000,1.0739,1.07435,1.07256,1.07337,9168
1675994400,1.07337,1.07342,1.07173,1.0726,10138
1676008800,1.0726,1.07528,1.07041,1.07066,32135
1676023200,1.07066,1.07115,1.06814,1.06958,25668
1676037600,1.06958,1.0707,1.06662,1.06684,33081
1676052000,1.06684,1.06809,1.06677,1.06774,9393
1676239200,1.06774,1.06837,1.06556,1.0667,12126
1676253600,1.0667,1.06712,1.06605,1.06696,10551
1676268000,1.06696,1.069,1.06633,1.0677,20121
1676282400,1.0677,1.06968,1.06732,1.06808,18324
1676296800,1.06808,1.07274,1.06765,1.07183,25709
1676311200,1.07183,1.073,1.07118,1.07242,9955
1676325600,1.07242,1.0737,1.07205,1.07288,8107
1676340000,1.07288,1.074,1.07255,1.07384,8664
1676354400,1.07384,1.0767,1.07288,1.07614,19818
1676368800,1.07614,1.08047,1.07188,1.07611,36049
1676383200,1.07611,1.07718,1.07068,1.07278,62416
1676397600,1.07278,1.07456,1.07232,1.07357,19888
1676412000,1.07357,1.07446,1.07328,1.07398,8105
1676426400,1.07398,1.074,1.07136,1.0715,11160
1676440800,1.0715,1.073,1.06998,1.07258,24216
1676455200,1.07258,1.07332,1.06742,1.0683,28546
1676469600,1.0683,1.06892,1.06618,1.0667,37755
1676484000,1.0667,1.06915,1.06605,1.0688,12677
1676498400,1.0688,1.07081,1.06831,1.07048,17178
1676512800,1.07048,1.0715,1.0701,1.07054,9833
1676527200,1.07054,1.07226,1.06889,1.07004,20590
1676541600,1.07004,1.0713,1.06699,1.06794,27187
1676556000,1.06794,1.06962,1.06544,1.06928,40576
1676570400,1.06928,1.06976,1.06692,1.0673,19695
1676584800,1.0673,1.06752,1.06523,1.06536,9018
1676599200,1.06536,1.06559,1.06329,1.06384,10465
1676613600,1.06384,1.06616,1.06294,1.0637,22051
1676628000,1.0637,1.06448,1.06128,1.06412,23788
1676642400,1.06412,1.06938,1.06366,1.06784,37048
1676656800,1.06784,1.06984,1.06776,1.06937,12982
1676844000,1.06937,1.06944,1.06732,1.0676,9313
1676858400,1.0676,1.06934,1.06754,1.0691,9305
1676872800,1.0691,1.07048,1.06792,1.06794,17141
1676887200,1.06794,1.06922,1.06702,1.06806,17435
1676901600,1.06806,1.06939,1.06782,1.06855,10933
1676916000,1.06855,1.06875,1.06824,1.06844,3281
1676930400,1.06844,1.06889,1.06674,1.06736,10373
1676944800,1.06736,1.06752,1.06624,1.06738,9573
1676959200,1.06738,1.06884,1.06426,1.06632,25511
1676973600,1.06632,1.06698,1.06457,1.0653,26381
1676988000,1.0653,1.06984,1.06439,1.06608,36353
1677002400,1.06608,1.06616,1.06375,1.06464,11536
1677016800,1.06464,1.06642,1.06458,1.06577,17744
1677031200,1.06577,1.06628,1.06513,1.06578,9022
1677045600,1.06578,1.06636,1.06356,1.06374,20341
1677060000,1.06374,1.06504,1.06246,1.06463,26169
1677074400,1.06463,1.06604,1.06172,1.06282,32858
1677088800,1.06282,1.06362,1.05992,1.06044,23850
1677103200,1.06044,1.06218,1.06033,1.06198,6269
1677117600,1.06198,1.06248,1.06145,1.06224,7997
1677132000,1.06224,1.06278,1.05873,1.05911,21035
1677146400,1.05911,1.0621,1.05857,1.06075,26903
1677160800,1.06075,1.06167,1.0577,1.05854,34108
1677175200,1.05854,1.06034,1.05809,1.0595,13183
1677189600,1.0595,1.06143,1.0592,1.06014,12008
1677204000,1.06014,1.06064,1.05946,1.05976,10257
1677218400,1.05976,1.06024,1.05798,1.05858,19827
1677232800,1.05858,1.05961,1.05433,1.0554,30411
1677247200,1.0554,1.05607,1.05362,1.05472,42442
1677261600,1.05472,1.05556,1.0544,1.05457,12545
1677448800,1.05457,1.05596,1.05448,1.05594,10048
1677463200,1.05594,1.056,1.05389,1.05395,9843
1677477600,1.05395,1.05614,1.05328,1.05512,21719
1677492000,1.05512,1.05834,1.05487,1.0583,21549
1677506400,1.0583,1.062,1.05758,1.06014,29030
1677520800,1.06014,1.0613,1.05988,1.06098,10941
1677535200,1.06098,1.06149,1.05862,1.05866,10610
1677549600,1.05866,1.05989,1.0582,1.05846,8802
1677564000,1.05846,1.06262,1.05818,1.0606,21789
1677578400,1.0606,1.0632,1.06056,1.06313,20921
1677592800,1.06313,1.06454,1.05952,1.06056,34680
1677607200,1.06056,1.0607,1.05742,1.05753,10887
1677621600,1.05753,1.05853,1.05653,1.05844,16047
1677636000,1.05844,1.05957,1.05816,1.0591,10226
1677650400,1.0591,1.06578,1.05895,1.06424,28517
1677664800,1.06424,1.06915,1.06398,1.06714,28928
1677679200,1.06714,1.06797,1.06436,1.06654,40108
1677693600,1.06654,1.06712,1.06464,1.06696,13222
1677708000,1.06696,1.0673,1.06466,1.06514,11285
1677722400,1.06514,1.0657,1.06372,1.06414,10658
1677736800,1.06414,1.06448,1.06192,1.06244,23095
1677751200,1.06244,1.0632,1.05818,1.05862,30213
1677765600,1.05862,1.06148,1.05767,1.05799,34221
1677780000,1.05799,1.06068,1.05766,1.05969,15397
1677794400,1.05969,1.06144,1.0596,1.06085,8097
1677808800,1.06085,1.0615,1.06018,1.06092,9840
1677823200,1.06092,1.06292,1.06073,1.061,21301
1677837600,1.061,1.06297,1.06006,1.06224,21461
1677852000,1.06224,1.06295,1.05883,1.06248,34142
1677866400,1.06248,1.06388,1.062,1.06342,11516
1678053600,1.06342,1.06382,1.06234,1.06366,10277
1678068000,1.06366,1.06502,1.06281,1.06484,9835
1678082400,1.06484,1.06574,1.06281,1.06292,20161
1678096800,1.06292,1.06584,1.06222,1.06546,22117
1678111200,1.06546,1.06944,1.06502,1.06854,27939
1678125600,1.06854,1.0686,1.06684,1.06831,10881
1678140000,1.06831,1.06888,1.06764,1.06866,9577
1678154400,1.06866,1.06934,1.06812,1.06852,11066
1678168800,1.06852,1.06946,1.06556,1.06569,22460
1678183200,1.06569,1.06724,1.06502,1.06564,20436
1678197600,1.06564,1.06612,1.05658,1.05672,56341
1678212000,1.05672,1.05738,1.0546,1.05492,16000
1678226400,1.05492,1.05563,1.05422,1.05448,8308
1678240800,1.05448,1.05472,1.05244,1.0531,10614
1678255200,1.0531,1.05488,1.05305,1.05356,18345
1678269600,1.05356,1.05492,1.0534,1.05412,20328
1678284000,1.05412,1.0574,1.05292,1.05452,38360
1678298400,1.05452,1.05508,1.05398,1.05432,12172
1678312800,1.05432,1.05535,1.05381,1.05406,7380
1678327200,1.05406,1.05556,1.05394,1.05526,6861
1678341600,1.05526,1.05698,1.05482,1.05586,15094
1678356000,1.05586,1.05814,1.05527,1.05741,21602
1678370400,1.05741,1.05866,1.05638,1.05772,27537
1678384800,1.05772,1.05913,1.05724,1.05822,20440
1678399200,1.05822,1.05994,1.05788,1.05946,10539
1678413600,1.05946,1.05986,1.05794,1.05866,16866
1678428000,1.05866,1.0607,1.0574,1.05814,27054
1678442400,1.05814,1.06442,1.05779,1.06217,35357
1678456800,1.06217,1.0701,1.06122,1.06686,63422
1678471200,1.06686,1.06727,1.0636,1.06386,25851
1678654800,1.06386,1.07041,1.06386,1.06817,21009
1678669200,1.06817,1.0737,1.0664,1.07178,26464
1678683600,1.07178,1.07373,1.07041,1.07076,28237
1678698000,1.07076,1.07076,1.06504,1.06966,70062
1678712400,1.06966,1.07426,1.06854,1.07396,62080
1678726800,1.07396,1.07486,1.07212,1.07316,30012
1678741200,1.07316,1.07347,1.07114,1.07191,11393
1678755600,1.07191,1.07212,1.06982,1.07026,16331
1678770000,1.07026,1.07156,1.0679,1.07064,32112
1678784400,1.07064,1.0749,1.06912,1.07356,45355
1678798800,1.07356,1.07436,1.06979,1.07174,48022
1678813200,1.07174,1.07496,1.07173,1.07333,27225
1678827600,1.07333,1.07382,1.07253,1.0734,8159
1678842000,1.0734,1.076,1.07313,1.07448,12887
1678856400,1.07448,1.07464,1.07268,1.07316,21146
1678870800,1.07316,1.0733,1.05525,1.05564,56244
1678885200,1.05564,1.0565,1.05161,1.05422,59141
1678899600,1.05422,1.05926,1.05422,1.05756,40918
1678914000,1.05756,1.05981,1.0573,1.05898,13140
1678928400,1.05898,1.06034,1.05863,1.06028,18311
1678942800,1.06028,1.06356,1.05928,1.06126,28005
1678957200,1.06126,1.06212,1.0576,1.05878,35676
1678971600,1.05878,1.06268,1.0551,1.06186,65415
1678986000,1.06186,1.06206,1.05916,1.06124,22298
1679000400,1.06124,1.06205,1.06081,1.06182,10326
1679014800,1.06182,1.06494,1.06142,1.06494,15020
1679029200,1.06494,1.067,1.06444,1.06523,22318
1679043600,1.06523,1.06598,1.06123,1.06262,28928
1679058000,1.06262,1.06758,1.06172,1.06675,41217
1679072400,1.06675,1.06854,1.06586,1.06656,20233
1679259600,1.06656,1.06892,1.06656,1.0681,12259
1679274000,1.0681,1.069,1.06649,1.06698,16490
1679288400,1.06698,1.0681,1.06313,1.06612,36601
1679302800,1.06612,1.07176,1.06498,1.07052,34342
1679317200,1.07052,1.07308,1.07032,1.07254,33965
1679331600,1.07254,1.07284,1.07142,1.07238,12413
1679346000,1.07238,1.07259,1.07153,1.07174,13832
1679360400,1.07174,1.07224,1.07098,1.07122,9485
1679374800,1.07122,1.07388,1.0704,1.07298,19189
1679389200,1.07298,1.07848,1.07248,1.07814,23710
1679403600,1.07814,1.07886,1.07608,1.07675,27377
1679418000,1.07675,1.07745,1.07564,1.07694,10527
1679432400,1.07694,1.07762,1.0766,1.0768,4652
1679446800,1.0768,1.0777,1.07654,1.07688,10536
1679461200,1.07688,1.07832,1.07591,1.07803,16408
1679475600,1.07803,1.08002,1.07758,1.0782,19996
1679490000,1.0782,1.08006,1.07756,1.0799,20935
1679504400,1.0799,1.09124,1.07898,1.08561,49050
1679518800,1.08561,1.08837,1.08561,1.08836,8973
1679533200,1.08836,1.09058,1.0879,1.09038,13611
1679547600,1.09038,1.09298,1.08912,1.08998,24177
1679562000,1.08998,1.09037,1.08668,1.08734,25758
1679576400,1.08734,1.0908,1.0873,1.08956,28087
1679590800,1.08956,1.08956,1.08242,1.0832,25658
1679605200,1.0832,1.08388,1.08246,1.08326,8570
1679619600,1.08326,1.08354,1.08173,1.08343,13967
1679634000,1.08343,1.08372,1.0768,1.078,23497
1679648400,1.078,1.07908,1.07132,1.07493,39889
1679662800,1.07493,1.07675,1.07414,1.07574,37124
1679677200,1.07574,1.07676,1.07542,1.07598,12749
1679864400,1.07598,1.078,1.07598,1.07611,8653
1679878800,1.07611,1.07748,1.07578,1.07679,10995
1679893200,1.07679,1.07822,1.0745,1.07666,21994
1679907600,1.07666,1.07809,1.07566,1.07732,19726
1679922000,1.07732,1.07949,1.07702,1.07912,23113
1679936400,1.07912,1.08002,1.07862,1.07992,9745
1679950800,1.07992,1.0818,1.07955,1.08158,5378
1679965200,1.08158,1.08196,1.081,1.08123,9881
1679979600,1.08123,1.08342,1.08062,1.08123,18335
1679994000,1.08123,1.0847,1.08103,1.08396,20333
1680008400,1.08396,1.08461,1.08163,1.08421,23589
1680022800,1.08421,1.08487,1.08356,1.08454,8445
1680037200,1.08454,1.08476,1.08364,1.08472,6439
1680051600,1.08472,1.08497,1.08336,1.08376,9090
1680066000,1.08376,1.08409,1.08178,1.08329,17438
1680080400,1.08329,1.08718,1.08322,1.08538,20578
1680094800,1.08538,1.08586,1.08235,1.08276,25202
1680109200,1.08276,1.08482,1.08259,1.08453,9910
1680123600,1.08453,1.08484,1.08356,1.08378,8429
1680138000,1.08378,1.0841,1.08265,1.08391,8295
1680152400,1.08391,1.08794,1.08236,1.08733,21731
1680166800,1.08733,1.09111,1.0859,1.09102,19836
1680181200,1.09102,1.09264,1.08946,1.09049,25181
1680195600,1.09049,1.09078,1.08922,1.09062,8515
1680210000,1.09062,1.09172,1.09021,1.09156,6184
1680224400,1.09156,1.09258,1.09014,1.09033,11277
1680238800,1.09033,1.09109,1.0873,1.08897,20334
1680253200,1.08897,1.08962,1.08642,1.08872,20691
1680267600,1.08872,1.09019,1.08575,1.08694,26698
1680282000,1.08694,1.08712,1.08368,1.08422,10573
1680469200,1.08422,1.08443,1.07987,1.08139,10944
1680483600,1.08139,1.0817,1.07882,1.0793,10958
1680498000,1.0793,1.08498,1.07891,1.08428,17499
1680512400,1.08428,1.08779,1.08428,1.08652,19957
1680526800,1.08652,1.09166,1.08645,1.08886,28094
1680541200,1.08886,1.09082,1.088,1.09028,9321
1680555600,1.09028,1.09098,1.08987,1.09011,5571
1680570000,1.09011,1.09017,1.0888,1.08944,9829
1680584400,1.08944,1.09382,1.08828,1.09172,19184
1680598800,1.09172,1.0936,1.08868,1.08912,20048
1680613200,1.08912,1.09734,1.08884,1.09463,32383
1680627600,1.09463,1.09581,1.09436,1.09566,8716
1680642000,1.09566,1.09699,1.09506,1.09606,6017
1680656400,1.09606,1.09646,1.09536,1.09548,8922
1680670800,1.09548,1.09675,1.09409,1.09512,16620
1680685200,1.09512,1.0963,1.09349,1.09578,20435
1680699600,1.09578,1.0967,1.08962,1.08968,30073
1680714000,1.08968,1.09098,1.08911,1.09076,8418
1680728400,1.09076,1.09106,1.0893,1.0894,6224
1680742800,1.0894,1.0896,1.08846,1.08928,6779
1680757200,1.08928,1.09173,1.08898,1.08994,15802
1680771600,1.08994,1.09196,1.08894,1.08924,16573
1680786000,1.08924,1.09378,1.08858,1.09342,20529
1680800400,1.09342,1.09362,1.0917,1.09217,6021
1680814800,1.09217,1.09242,1.09142,1.0916,2443
1680829200,1.0916,1.09217,1.09148,1.09148,2690
1680843600,1.09148,1.09197,1.09116,1.09156,3684
1680858000,1.09156,1.09218,1.08765,1.09037,8093
1680872400,1.09037,1.09156,1.08934,1.09099,5678
1680886800,1.09099,1.09104,1.08993,1.09012,1632
1681074000,1.09012,1.09147,1.08997,1.09035,5805
1681088400,1.09035,1.09068,1.08952,1.08963,6626
1681102800,1.08963,1.09174,1.08909,1.09121,7134
1681117200,1.09121,1.09166,1.08472,1.0849,13535
1681131600,1.0849,1.08573,1.08314,1.08477,15886
1681146000,1.08477,1.08632,1.08477,1.08614,8021
1681160400,1.08614,1.0879,1.08588,1.08776,7738
1681174800,1.08776,1.08879,1.08672,1.08825,10540
1681189200,1.08825,1.09103,1.0881,1.09068,17019
1681203600,1.09068,1.09269,1.09022,1.0912,18296
1681218000,1.0912,1.09282,1.08976,1.0899,19627
1681232400,1.0899,1.0917,1.08962,1.09131,7064
1681246800,1.09131,1.09276,1.09111,1.09254,3463
1681261200,1.09254,1.09289,1.09164,1.09256,7383
1681275600,1.09256,1.09374,1.0916,1.09238,13314
1681290000,1.09238,1.099,1.09197,1.09641,20212
1681304400,1.09641,1.1,1.09582,1.09962,32806
1681318800,1.09962,1.10006,1.09866,1.09904,11619
1681333200,1.09904,1.1005,1.0988,1.10022,4856
1681347600,1.10022,1.10035,1.09838,1.099,9645
1681362000,1.099,1.10252,1.09767,1.10146,15463
1681376400,1.10146,1.10536,1.10084,1.10489,19478
1681390800,1.10489,1.10678,1.10434,1.10558,22512
1681405200,1.10558,1.10597,1.1044,1.10472,7322
1681419600,1.10472,1.1059,1.10462,1.10544,3842
1681434000,1.10544,1.10752,1.10531,1.1069,9220
1681448400,1.1069,1.1076,1.1054,1.10591,13858
1681462800,1.10591,1.10744,1.10186,1.10347,21295
1681477200,1.10347,1.10366,1.09724,1.09778,31507
1681491600,1.09778,1.09992,1.09752,1.09944,9369
1681678800,1.09944,1.09959,1.09728,1.09728,5208
1681693200,1.09728,1.09849,1.09618,1.09846,8725
1681707600,1.09846,1.09999,1.09642,1.0965,15716
1681722000,1.0965,1.0985,1.09517,1.09538,17940
1681736400,1.09538,1.0957,1.09092,1.09118,26554
1681750800,1.09118,1.09312,1.09117,1.09274,7334
1681765200,1.09274,1.09291,1.09223,1.09254,3304
1681779600,1.09254,1.09392,1.09235,1.0937,9017
1681794000,1.0937,1.0983,1.09344,1.09812,16310
1681808400,1.09812,1.0983,1.09544,1.09558,17034
1681822800,1.09558,1.09712,1.09428,1.09704,20872
1681837200,1.09704,1.09748,1.09672,1.09738,7616
1681851600,1.09738,1.09829,1.09688,1.09828,8632
1681866000,1.09828,1.09842,1.0965,1.09687,7765
1681880400,1.09687,1.09725,1.09465,1.09556,19665
1681894800,1.09556,1.09633,1.09172,1.09498,20093
1681909200,1.09498,1.09794,1.09473,1.09658,20678
1681923600,1.09658,1.09668,1.09518,1.09561,8324
1681938000,1.09561,1.09598,1.0947,1.09567,4721
1681952400,1.09567,1.09618,1.09492,1.09592,9013
1681966800,1.09592,1.09785,1.09499,1.09715,16980
1681981200,1.09715,1.09852,1.09336,1.09776,22214
1681995600,1.09776,1.09898,1.09633,1.09672,22364
1682010000,1.09672,1.09727,1.09564,1.09705,8742
1682024400,1.09705,1.09723,1.09619,1.09702,3815
1682038800,1.09702,1.09733,1.09588,1.09604,6850
1682053200,1.09604,1.09722,1.0938,1.09596,18394
1682067600,1.09596,1.09903,1.0949,1.0988,16157
1682082000,1.0988,1.09939,1.09424,1.09792,27348
1682096400,1.09792,1.0993,1.0972,1.09893,8830
1682283600,1.09893,1.09962,1.09846,1.09949,3751
1682298000,1.09949,1.09949,1.09794,1.09804,8101
1682312400,1.09804,1.10097,1.0966,1.10088,14931
1682326800,1.10088,1.10254,1.0999,1.1023,17472
1682341200,1.1023,1.1037,1.10128,1.10339,21472
1682355600,1.10339,1.10502,1.10336,1.10458,7538
1682370000,1.10458,1.10666,1.10429,1.10592,5594
1682384400,1.10592,1.10671,1.10508,1.10512,9654
1682398800,1.10512,1.10566,1.10246,1.10397,18943
1682413200,1.10397,1.1044,1.10096,1.10173,17162
1682427600,1.10173,1.10188,1.09653,1.09682,25255
1682442000,1.09682,1.09762,1.09642,1.09748,11499
1682456400,1.09748,1.09806,1.09686,1.09782,6131
1682470800,1.09782,1.09818,1.09684,1.09812,9314
1682485200,1.09812,1.10432,1.09798,1.10419,19813
1682499600,1.10419,1.10628,1.10313,1.10538,26222
1682514000,1.10538,1.10956,1.1033,1.1041,31888
1682528400,1.1041,1.1042,1.10324,1.10405,10396
1682542800,1.10405,1.10477,1.10352,1.10457,5701
1682557200,1.10457,1.1055,1.1039,1.10507,8368
1682571600,1.10507,1.10635,1.104,1.1053,17441
1682586000,1.1053,1.10576,1.10006,1.10132,22945
1682600400,1.10132,1.10271,1.09922,1.10085,27759
1682614800,1.10085,1.103,1.10056,1.1029,9171
1682629200,1.1029,1.10394,1.1025,1.10345,7266
1682643600,1.10345,1.10346,1.10082,1.10136,14355
1682658000,1.10136,1.10364,1.09766,1.09913,25865
1682672400,1.09913,1.09986,1.09626,1.09846,22653
1682686800,1.09846,1.1045,1.09828,1.10308,33764
1682701200,1.10308,1.10312,1.1012,1.1017,10965
1682888400,1.1017,1.10254,1.10046,1.10057,5320
1682902800,1.10057,1.10144,1.10008,1.10064,6977
1682917200,1.10064,1.1009,1.09914,1.09922,10417
1682931600,1.09922,1.10337,1.09883,1.1033,11918
1682946000,1.1033,1.10358,1.09644,1.09676,23966
1682960400,1.09676,1.0977,1.09654,1.0977,11616
1682974800,1.0977,1.09794,1.09674,1.09791,4766
1682989200,1.09791,1.09946,1.09784,1.09845,9937
1683003600,1.09845,1.10068,1.09599,1.09716,19665
1683018000,1.09716,1.09818,1.09483,1.09553,19113
1683032400,1.09553,1.10032,1.09422,1.1,32303
1683046800,1.1,1.1008,1.09947,1.1,9585
1683061200,1.1,1.10206,1.1,1.10174,5007
1683075600,1.10174,1.10299,1.10128,1.10218,6749
1683090000,1.10218,1.1047,1.10143,1.10396,15068
1683104400,1.10396,1.10469,1.1022,1.10386,17637
1683118800,1.10386,1.10595,1.10294,1.10471,22614
1683133200,1.10471,1.1092,1.10373,1.10608,35701
1683147600,1.10608,1.10874,1.10579,1.10759,9269
1683162000,1.10759,1.10878,1.10714,1.10816,9211
1683176400,1.10816,1.10917,1.1037,1.10405,19306
1683190800,1.10405,1.10837,1.10014,1.10095,26779
1683205200,1.10095,1.10554,1.0986,1.10248,40981
1683219600,1.10248,1.10316,1.10112,1.10132,12888
1683234000,1.10132,1.10297,1.10098,1.1025,3739
1683248400,1.1025,1.10449,1.1025,1.10418,8093
1683262800,1.10418,1.10479,1.10242,1.10284,16821
1683277200,1.10284,1.1032,1.09667,1.0976,20727
1683291600,1.0976,1.10368,1.0976,1.10323,26159
1683306000,1.10323,1.10346,1.10098,1.10188,11177
1683493200,1.10188,1.10254,1.10142,1.10244,4702
1683507600,1.10244,1.10445,1.10187,1.10436,8294
1683522000,1.10436,1.10538,1.1036,1.10362,12220
1683536400,1.10362,1.10514,1.10228,1.10372,13867
1683550800,1.10372,1.10444,1.10116,1.10274,17031
1683565200,1.10274,1.10292,1.10001,1.1004,9303
1683579600,1.1004,1.10054,1.0985,1.099,7553
1683594000,1.099,1.09955,1.09851,1.09889,7035
1683608400,1.09889,1.1001,1.09727,1.09789,17049
1683622800,1.09789,1.09844,1.09498,1.09501,15980
1683637200,1.09501,1.09646,1.09411,1.09554,21031
1683651600,1.09554,1.09725,1.09542,1.09605,11212
1683666000,1.09605,1.09722,1.09457,1.09692,5405
1683680400,1.09692,1.09775,1.09682,1.0972,6642
1683694800,1.0972,1.09826,1.09502,1.09521,16418
1683709200,1.09521,1.10058,1.09416,1.10008,21627
1683723600,1.10008,1.1007,1.09642,1.09705,29107
1683738000,1.09705,1.0985,1.09618,1.09834,11118
1683752400,1.09834,1.09931,1.0979,1.09928,4349
1683766800,1.09928,1.09982,1.09696,1.09754,8592
1683781200,1.09754,1.09824,1.09182,1.09284,21792
1683795600,1.09284,1.0948,1.09179,1.09329,25594
1683810000,1.09329,1.09332,1.09002,1.09253,29677
1683824400,1.09253,1.09258,1.09108,1.09158,9409
1683838800,1.09158,1.09216,1.09114,1.09216,4258
1683853200,1.09216,1.0927,1.09152,1.09264,9255
1683867600,1.09264,1.09356,1.09045,1.09137,17082
1683882000,1.09137,1.09174,1.08813,1.0887,15693
1683896400,1.0887,1.08974,1.08486,1.08518,24500
1683910800,1.08518,1.08569,1.0848,1.08498,9299
1684098000,1.08498,1.0856,1.08457,1.08532,4760
1684112400,1.08532,1.08644,1.08525,1.08631,8539
1684126800,1.08631,1.08802,1.08602,1.08686,15150
1684141200,1.08686,1.0891,1.08556,1.08791,15873
1684155600,1.08791,1.0882,1.0864,1.0879,18284
1684170000,1.0879,1.0879,1.0873,1.08745,7269
1684184400,1.08745,1.08822,1.08732,1.0882,3625
1684198800,1.0882,1.08847,1.08683,1.0883,7136
1684213200,1.0883,1.08978,1.08629,1.08914,17355
1684227600,1.08914,1.09048,1.08682,1.08817,17567
1684242000,1.08817,1.08892,1.0855,1.08668,24507
1684256400,1.08668,1.08712,1.08581,1.0862,8804
1684270800,1.0862,1.0872,1.08607,1.08706,4202
1684285200,1.08706,1.08738,1.08622,1.08648,9161
1684299600,1.08648,1.08653,1.08272,1.08292,17688
1684314000,1.08292,1.08417,1.08134,1.0824,17156
1684328400,1.0824,1.08454,1.08102,1.0842,22976
1684342800,1.0842,1.08492,1.08364,1.0839,9943
1684357200,1.0839,1.08466,1.08349,1.08423,3827
1684371600,1.08423,1.08482,1.08327,1.0833,8878
1684386000,1.0833,1.0836,1.08091,1.08166,16247
1684400400,1.08166,1.082,1.07853,1.07902,16427
1684414800,1.07902,1.07952,1.07628,1.07631,23085
1684429200,1.07631,1.07749,1.07625,1.07712,9534
1684443600,1.07712,1.07802,1.07686,1.07738,4733
1684458000,1.07738,1.0776,1.076,1.07637,9924
1684472400,1.07637,1.07946,1.07616,1.07882,15747
1684486800,1.07882,1.08238,1.07876,1.08059,20232
1684501200,1.08059,1.08266,1.07822,1.08208,30370
1684515600,1.08208,1.08289,1.07978,1.08062,10222
1684702800,1.08062,1.0825,1.08062,1.08236,4717
1684717200,1.08236,1.083,1.08178,1.08184,9984
1684731600,1.08184,1.08244,1.07955,1.08104,16687
1684746000,1.08104,1.08313,1.08083,1.08193,16721
1684760400,1.08193,1.08244,1.07962,1.08098,21673
1684774800,1.08098,1.08216,1.08082,1.0813,9489
1684789200,1.0813,1.08206,1.08065,1.08118,5233
1684803600,1.08118,1.0812,1.08028,1.08104,9539
1684818000,1.08104,1.0813,1.07852,1.08033,18423
1684832400,1.08033,1.08038,1.07631,1.0764,17938
1684846800,1.0764,1.07956,1.07602,1.07668,25861
1684861200,1.07668,1.07809,1.07644,1.07707,10210
1684875600,1.07707,1.07753,1.07678,1.07724,5593
1684890000,1.07724,1.07824,1.07678,1.07801,9918
1684904400,1.07801,1.07952,1.07703,1.07776,19420
1684918800,1.07776,1.08014,1.07481,1.07896,20419
1684933200,1.07896,1.0794,1.07496,1.07562,24422
1684947600,1.07562,1.0766,1.07494,1.07494,14122
1684962000,1.07494,1.07569,1.07424,1.07506,6548
1684976400,1.07506,1.07534,1.07329,1.07344,9214
1684990800,1.07344,1.0744,1.0714,1.0723,17602
1685005200,1.0723,1.07404,1.07146,1.07184,21050
1685019600,1.07184,1.07327,1.07072,1.07127,25811
1685034000,1.07127,1.07294,1.07114,1.0725,10577
1685048400,1.0725,1.0729,1.0719,1.07254,5404
1685062800,1.07254,1.0741,1.07246,1.07399,9875
1685077200,1.07399,1.07446,1.07254,1.07318,16930
1685091600,1.07318,1.07588,1.07256,1.0742,19620
1685106000,1.0742,1.07506,1.07018,1.07197,28037
1685120400,1.07197,1.07328,1.07188,1.07252,8051
1685307600,1.07252,1.07294,1.07172,1.072,4117
1685322000,1.072,1.07364,1.07184,1.07362,6279
1685336400,1.07362,1.07436,1.07154,1.07241,9108
1685350800,1.07241,1.07241,1.07099,1.07149,7411
1685365200,1.07149,1.07158,1.0706,1.07128,5319
1685379600,1.07128,1.0715,1.07055,1.07091,1338
1685394000,1.07091,1.07199,1.07043,1.07139,4771
1685408400,1.07139,1.07264,1.07012,1.0708,9186
1685422800,1.0708,1.07084,1.06725,1.07046,20182
1685437200,1.07046,1.07467,1.06971,1.07225,21186
1685451600,1.07225,1.07409,1.07164,1.07208,22030
1685466000,1.07208,1.07349,1.07142,1.07342,9864
1685480400,1.07342,1.07358,1.07274,1.07352,4466
1685494800,1.07352,1.07355,1.06944,1.06982,10442
1685509200,1.06982,1.0699,1.06587,1.06599,20261
1685523600,1.06599,1.06875,1.06599,1.06808,15478
1685538000,1.06808,1.07054,1.06352,1.06381,31815
1685552400,1.06381,1.06923,1.06356,1.06888,15470
1685566800,1.06888,1.06974,1.06848,1.06865,5831
1685581200,1.06865,1.0694,1.06802,1.06816,11057
1685595600,1.06816,1.06871,1.06618,1.06867,17095
1685610000,1.06867,1.07158,1.06828,1.07081,21774
1685624400,1.07081,1.07641,1.0703,1.076,28571
1685638800,1.076,1.07685,1.07558,1.07622,9375
1685653200,1.07622,1.07654,1.07582,1.07619,4629
1685667600,1.07619,1.07692,1.07588,1.07632,8368
1685682000,1.07632,1.0779,1.076,1.07743,13799
1685696400,1.07743,1.0777,1.07352,1.07474,20315
1685710800,1.07474,1.0771,1.07086,1.07102,25694
1685725200,1.07102,1.07159,1.07052,1.07078,8352
1685912400,1.07078,1.071,1.06903,1.06937,5411
1685926800,1.06937,1.07047,1.0691,1.07,8551
1685941200,1.07,1.07038,1.06834,1.06961,14745
1685955600,1.06961,1.06992,1.06746,1.06791,13033
1685970000,1.06791,1.07224,1.06779,1.07116,22634
1685984400,1.07116,1.07176,1.07074,1.07119,8374
1685998800,1.07119,1.0717,1.07076,1.07163,4011
1686013200,1.07163,1.07248,1.07129,1.07235,8839
1686027600,1.07235,1.07329,1.06951,1.06992,19160
1686042000,1.06992,1.07012,1.0667,1.06708,16739
1686056400,1.06708,1.06979,1.06692,1.06886,19153
1686070800,1.06886,1.06964,1.06823,1.06922,6536
1686085200,1.06922,1.07044,1.06922,1.07005,3791
1686099600,1.07005,1.07016,1.06888,1.06906,8210
1686114000,1.06906,1.06935,1.06684,1.06932,13147
1686128400,1.06932,1.07231,1.06901,1.07162,15847
1686142800,1.07162,1.07398,1.06927,1.06932,25060
1686157200,1.06932,1.07054,1.0691,1.06985,9323
1686171600,1.06985,1.071,1.0696,1.07086,4841
1686186000,1.07086,1.07137,1.0703,1.07116,8009
1686200400,1.07116,1.073,1.0701,1.07268,13955
1686214800,1.07268,1.07591,1.0721,1.07468,17473
1686229200,1.07468,1.07872,1.0742,1.07848,22768
1686243600,1.07848,1.07858,1.07737,1.07828,7831
1686258000,1.07828,1.07854,1.0781,1.07822,4079
1686272400,1.07822,1.07852,1.07746,1.07753,7969
1686286800,1.07753,1.0784,1.07594,1.07635,14216
1686301200,1.07635,1.07841,1.07567,1.07671,16341
1686315600,1.07671,1.07752,1.07435,1.07482,20237
1686330000,1.07482,1.07524,1.0743,1.07496,6769
1686517200,1.07496,1.07516,1.07432,1.07454,3797
1686531600,1.07454,1.07461,1.07331,1.0741,7160
1686546000,1.0741,1.07842,1.07405,1.07772,13722
1686560400,1.07772,1.07902,1.07607,1.07662,16351
1686574800,1.07662,1.07716,1.07431,1.07486,20151
1686589200,1.07486,1.07634,1.0745,1.0758,8846
1686603600,1.0758,1.0767,1.07554,1.07606,3887
1686618000,1.07606,1.07832,1.07594,1.07822,7870
1686632400,1.07822,1.08082,1.07815,1.08074,17720
1686646800,1.08074,1.08237,1.07838,1.08142,21010
1686661200,1.08142,1.0818,1.07784,1.08024,27306
1686675600,1.08024,1.08045,1.0783,1.07933,10424
1686690000,1.07933,1.0796,1.07858,1.07902,4263
1686704400,1.07902,1.07962,1.07847,1.07898,6977
1686718800,1.07898,1.08048,1.0774,1.08021,12357
1686733200,1.08021,1.08332,1.07964,1.08312,15035
1686747600,1.08312,1.08644,1.08272,1.08624,18865
1686762000,1.08624,1.0863,1.08014,1.08316,31621
1686776400,1.08316,1.08445,1.08275,1.08382,4407
1686790800,1.08382,1.08382,1.08085,1.08116,9946
1686805200,1.08116,1.08372,1.08038,1.08328,14838
1686819600,1.08328,1.08812,1.08146,1.08643,21588
1686834000,1.08643,1.09452,1.08585,1.09438,26092
1686848400,1.09438,1.09527,1.09396,1.09455,9723
1686862800,1.09455,1.09514,1.094,1.0942,4783
1686877200,1.0942,1.09484,1.09356,1.09388,8799
1686891600,1.09388,1.09625,1.09339,1.09505,15617
1686906000,1.09505,1.09708,1.09398,1.0951,14984
1686920400,1.0951,1.09672,1.09178,1.09339,26030
1686934800,1.09339,1.09456,1.09322,1.09416,9231
1687122000,1.09416,1.09463,1.09334,1.09368,4852
1687136400,1.09368,1.09408,1.09322,1.09347,8058
1687150800,1.09347,1.09414,1.09252,1.09296,13553
1687165200,1.09296,1.09297,1.09072,1.09261,11570
1687179600,1.09261,1.0929,1.09124,1.09162,10573
1687194000,1.09162,1.09228,1.09158,1.0921,2278
1687208400,1.0921,1.09264,1.0917,1.09204,4628
1687222800,1.09204,1.09239,1.09106,1.09138,9929
1687237200,1.09138,1.09462,1.09118,1.0938,16443
1687251600,1.0938,1.09401,1.09121,1.09194,16468
1687266000,1.09194,1.09246,1.08922,1.0915,24066
1687280400,1.0915,1.0918,1.09098,1.09179,8538
1687294800,1.09179,1.09224,1.09146,1.0916,4608
1687309200,1.0916,1.09211,1.09118,1.09162,9858
1687323600,1.09162,1.09339,1.09058,1.0925,18943
1687338000,1.0925,1.09298,1.09082,1.09252,17966
1687352400,1.09252,1.09738,1.09105,1.09706,27122
1687366800,1.09706,1.09908,1.09672,1.09866,11402
1687381200,1.09866,1.09924,1.09838,1.09884,4957
1687395600,1.09884,1.09951,1.09866,1.09871,6848
1687410000,1.09871,1.10037,1.09798,1.0993,16194
1687424400,1.0993,1.1012,1.09802,1.09826,21216
1687438800,1.09826,1.09892,1.09485,1.09546,25563
1687453200,1.09546,1.09617,1.095,1.09558,9661
1687467600,1.09558,1.09594,1.09528,1.09553,5669
1687482000,1.09553,1.09562,1.09288,1.09332,10242
1687496400,1.09332,1.09341,1.08486,1.08491,23374
1687510800,1.08491,1.08958,1.08444,1.08874,18112
1687525200,1.08874,1.09027,1.0879,1.08858,24065
1687539600,1.08858,1.08966,1.08858,1.0896,9583
1687726800,1.0896,1.09095,1.0896,1.09052,6927
1687741200,1.09052,1.09098,1.08998,1.09026,9938
1687755600,1.09026,1.09111,1.08874,1.08919,17047
1687770000,1.08919,1.09202,1.08908,1.09174,13368
1687784400,1.09174,1.09202,1.09,1.09088,17966
1687798800,1.09088,1.09154,1.0904,1.0905,7624
1687813200,1.0905,1.09122,1.0902,1.09046,4227
1687827600,1.09046,1.09352,1.09038,1.09232,11475
1687842000,1.09232,1.09439,1.09162,1.09396,16058
1687856400,1.09396,1.09722,1.09262,1.09653,16991
1687870800,1.09653,1.09766,1.09424,1.09589,25005
1687885200,1.09589,1.0964,1.0955,1.09608,8858
1687899600,1.09608,1.0963,1.09528,1.09548,5176
1687914000,1.09548,1.09563,1.09422,1.09487,10498
1687928400,1.09487,1.09606,1.09361,1.0953,16131
1687942800,1.0953,1.09623,1.09261,1.09278,17678
1687957200,1.09278,1.09444,1.08968,1.09109,27150
1687971600,1.09109,1.0924,1.09099,1.09128,9635
1687986000,1.09128,1.09189,1.09012,1.0907,4110
1688000400,1.0907,1.09147,1.08808,1.08854,10606
1688014800,1.08854,1.09219,1.08842,1.09144,18022
1688029200,1.09144,1.09414,1.08734,1.0881,18164
1688043600,1.0881,1.08968,1.08603,1.08708,27793
1688058000,1.08708,1.08752,1.08639,1.08644,10277
1688072400,1.08644,1.0874,1.08624,1.08722,4420
1688086800,1.08722,1.08754,1.08602,1.087,10097
1688101200,1.087,1.08756,1.08354,1.0839,16557
1688115600,1.0839,1.08978,1.0836,1.08972,18119
1688130000,1.08972,1.09318,1.08964,1.09184,29379
1688144400,1.09184,1.0923,1.0908,1.0911,10154
1688331600,1.0911,1.09135,1.09006,1.09016,4541
1688346000,1.09016,1.09183,1.09012,1.09176,9134
1688360400,1.09176,1.09183,1.08704,1.08864,15819
1688374800,1.08864,1.09103,1.08761,1.09088,15239
1688389200,1.09088,1.09341,1.0902,1.09158,22291
1688403600,1.09158,1.09166,1.09084,1.09144,3624
1688418000,1.09144,1.09154,1.09088,1.09098,2716
1688432400,1.09098,1.09165,1.09006,1.09007,6287
1688446800,1.09007,1.09148,1.0892,1.08956,11342
1688461200,1.08956,1.09038,1.08898,1.09008,10049
1688475600,1.09008,1.09076,1.0892,1.08945,8710
1688490000,1.08945,1.08972,1.08768,1.0878,2822
1688504400,1.0878,1.0891,1.08774,1.08867,3980
1688518800,1.08867,1.08872,1.0875,1.08758,7157
1688533200,1.08758,1.0908,1.08664,1.08881,17935
1688547600,1.08881,1.09022,1.08754,1.08942,15515
1688562000,1.08942,1.09014,1.0859,1.08608,21778
1688576400,1.08608,1.08656,1.0851,1.08534,10686
1688590800,1.08534,1.08576,1.08464,1.0849,3983
1688605200,1.0849,1.08537,1.08338,1.08433,9568
1688619600,1.08433,1.08753,1.08418,1.08641,18423
1688634000,1.08641,1.09006,1.08584,1.0874,25613
1688648400,1.0874,1.08878,1.08336,1.08726,30785
1688662800,1.08726,1.08924,1.08724,1.08921,9235
1688677200,1.08921,1.08949,1.08824,1.08852,4235
1688691600,1.08852,1.08954,1.08835,1.08912,8704
1688706000,1.08912,1.09004,1.0867,1.0878,16374
1688720400,1.0878,1.09316,1.087,1.09117,23866
1688734800,1.09117,1.09728,1.08953,1.09719,29322
1688749200,1.09719,1.09733,1.09633,1.09688,9037
1688936400,1.09688,1.09698,1.0957,1.09644,5444
1688950800,1.09644,1.09695,1.09528,1.09531,11477
1688965200,1.09531,1.09658,1.09451,1.09648,15118
1688979600,1.09648,1.09733,1.09436,1.0947,14956
1688994000,1.0947,1.09928,1.0947,1.09894,20773
1689008400,1.09894,1.10016,1.09874,1.10012,9008
1689022800,1.10012,1.10088,1.09966,1.10068,4173
1689037200,1.10068,1.10203,1.10058,1.102,10461
1689051600,1.102,1.10274,1.10022,1.10028,16616
1689066000,1.10028,1.10128,1.09769,1.0982,14335
1689080400,1.0982,1.10033,1.09784,1.10026,16966
1689094800,1.10026,1.10093,1.09976,1.10087,6565
1689109200,1.10087,1.10217,1.10034,1.10188,5710
1689123600,1.10188,1.10369,1.10186,1.10364,11124
1689138000,1.10364,1.10364,1.10206,1.10223,14142
1689152400,1.10223,1.1072,1.10138,1.10582,20065
1689166800,1.10582,1.11335,1.10564,1.11321,28988
1689181200,1.11321,1.11405,1.11247,1.11316,10445
1689195600,1.11316,1.11452,1.11281,1.11384,5560
1689210000,1.11384,1.11489,1.11364,1.1141,10183
1689224400,1.1141,1.11702,1.11299,1.1161,19167
1689238800,1.1161,1.11906,1.11551,1.11798,21122
1689253200,1.11798,1.12092,1.11763,1.12058,22733
1689267600,1.12058,1.1228,1.12022,1.12264,9954
1689282000,1.12264,1.12298,1.12135,1.12228,7788
1689296400,1.12228,1.12432,1.12223,1.1233,12537
1689310800,1.1233,1.12361,1.12041,1.12312,16640
1689325200,1.12312,1.12451,1.12102,1.12257,16932
1689339600,1.12257,1.12444,1.12154,1.12394,24893
1689354000,1.12394,1.12397,1.12245,1.12274,9531
1689541200,1.12274,1.12368,1.12232,1.12245,5124
1689555600,1.12245,1.12286,1.12145,1.12269,10281
1689570000,1.12269,1.1249,1.12222,1.1238,14871
1689584400,1.1238,1.12448,1.12208,1.12354,18613
1689598800,1.12354,1.12384,1.12033,1.1233,18640
1689613200,1.1233,1.12462,1.12322,1.12398,9116
1689627600,1.12398,1.12466,1.12336,1.12418,5114
1689642000,1.12418,1.12564,1.12387,1.12518,13974
1689656400,1.12518,1.12757,1.1228,1.12374,20660
1689670800,1.12374,1.12702,1.12231,1.12398,23932
1689685200,1.12398,1.1246,1.12092,1.12147,30631
1689699600,1.12147,1.12318,1.12092,1.12284,11050
1689714000,1.12284,1.12329,1.12252,1.12296,7215
1689728400,1.12296,1.12313,1.12162,1.12216,13066
1689742800,1.12216,1.12372,1.11959,1.12326,24326
1689757200,1.12326,1.12402,1.12088,1.12172,19222
1689771600,1.12172,1.12247,1.11744,1.11922,25380
1689786000,1.11922,1.12051,1.11902,1.12027,11594
1689800400,1.12027,1.12202,1.11979,1.12183,6845
1689814800,1.12183,1.12292,1.12156,1.12212,15142
1689829200,1.12212,1.12232,1.1198,1.12084,19978
1689843600,1.12084,1.12168,1.1177,1.11828,21123
1689858000,1.11828,1.11888,1.11185,1.11242,25095
1689872400,1.11242,1.11349,1.1122,1.11298,10208
1689886800,1.11298,1.11382,1.11298,1.11376,6557
1689901200,1.11376,1.1142,1.1131,1.11397,11883
1689915600,1.11397,1.1145,1.11213,1.11284,20883
1689930000,1.11284,1.11344,1.11172,1.11284,19240
1689944400,1.11284,1.11382,1.11078,1.11235,19579
1689958800,1.11235,1.11302,1.1119,1.11256,8161
1690146000,1.11256,1.11329,1.11228,1.11298,5900
1690160400,1.11298,1.11314,1.11168,1.11203,13259
1690174800,1.11203,1.1147,1.10656,1.1071,24820
1690189200,1.1071,1.11092,1.10696,1.10878,18878
1690203600,1.10878,1.11043,1.10691,1.10814,24498
1690218000,1.10814,1.10846,1.10603,1.10648,8956
1690232400,1.10648,1.10703,1.10598,1.10674,6712
1690246800,1.10674,1.10818,1.10672,1.10704,12129
1690261200,1.10704,1.1087,1.10528,1.10648,20252
1690275600,1.10648,1.10678,1.10393,1.10488,14343
1690290000,1.10488,1.10547,1.10208,1.10424,17176
1690304400,1.10424,1.10554,1.10356,1.1055,9928
1690318800,1.1055,1.1058,1.1044,1.10459,6836
1690333200,1.10459,1.10533,1.10378,1.10481,12068
1690347600,1.10481,1.10776,1.10476,1.10755,18727
1690362000,1.10755,1.10864,1.10574,1.10683,16891
1690376400,1.10683,1.10824,1.10576,1.10718,20279
1690390800,1.10718,1.1107,1.10566,1.10862,35243
1690405200,1.10862,1.10898,1.10773,1.10866,6112
1690419600,1.10866,1.11183,1.10866,1.10962,14411
1690434000,1.10962,1.11394,1.10881,1.11391,20246
1690448400,1.11391,1.11498,1.10476,1.10594,27371
1690462800,1.10594,1.10654,1.0984,1.09903,37167
1690477200,1.09903,1.10105,1.0966,1.09762,23180
1690491600,1.09762,1.09838,1.09762,1.09804,7067
1690506000,1.09804,1.09887,1.09598,1.09728,27208
1690520400,1.09728,1.09915,1.09436,1.09596,33091
1690534800,1.09596,1.10338,1.09566,1.10094,25234
1690549200,1.10094,1.10475,1.09932,1.10256,27920
1690563600,1.10256,1.103,1.10146,1.10171,12078
1690750800,1.10171,1.1029,1.10171,1.10222,7677
1690765200,1.10222,1.10266,1.10058,1.10058,15939
1690779600,1.10058,1.1036,1.10053,1.1034,21005
1690794000,1.1034,1.10403,1.10189,1.10283,17182
1690808400,1.10283,1.10459,1.1004,1.10071,24026
1690822800,1.10071,1.10114,1.09936,1.09978,10041
1690837200,1.09978,1.10031,1.09884,1.0989,6548
1690851600,1.0989,1.09912,1.09806,1.09903,12445
1690866000,1.09903,1.10004,1.09702,1.09748,18785
1690880400,1.09748,1.09847,1.09524,1.09565,18378
1690894800,1.09565,1.09892,1.0956,1.09722,24602
1690909200,1.09722,1.09856,1.09627,1.09848,8471
1690923600,1.09848,1.10206,1.09831,1.09962,12960
1690938000,1.09962,1.10074,1.09803,1.09894,15139
1690952400,1.09894,1.10008,1.09761,1.09842,24405
1690966800,1.09842,1.09874,1.09574,1.09598,23594
1690981200,1.09598,1.0968,1.09179,1.09507,27304
1690995600,1.09507,1.09578,1.09348,1.09389,11262
1691010000,1.09389,1.09458,1.09371,1.094,8036
1691024400,1.094,1.09494,1.09226,1.09234,13572
1691038800,1.09234,1.09434,1.09122,1.09248,25184
1691053200,1.09248,1.09565,1.09216,1.09381,28124
1691067600,1.09381,1.09629,1.09156,1.09554,30440
1691082000,1.09554,1.09569,1.09386,1.09498,11569
1691096400,1.09498,1.09556,1.09444,1.09556,9760
1691110800,1.09556,1.09617,1.09494,1.09504,15362
1691125200,1.09504,1.09586,1.09378,1.09403,18024
1691139600,1.09403,1.09982,1.09352,1.09886,24738
1691154000,1.09886,1.1042,1.09864,1.10339,31262
1691168400,1.10339,1.10391,1.10038,1.10096,11700
1691355600,1.10096,1.10206,1.10006,1.10101,8454
1691370000,1.10101,1.10102,1.09918,1.09966,12389
1691384400,1.09966,1.09976,1.09709,1.09746,17609
1691398800,1.09746,1.09962,1.09654,1.09956,14995
1691413200,1.09956,1.10118,1.09858,1.10008,19875
1691427600,1.10008,1.10102,1.09956,1.10027,9459
1691442000,1.10027,1.10064,1.09898,1.0992,5624
1691456400,1.0992,1.09928,1.09766,1.09923,14924
1691470800,1.09923,1.10113,1.09736,1.09855,20397
1691485200,1.09855,1.09865,1.09348,1.09432,21958
1691499600,1.09432,1.09578,1.0929,1.09483,22833
1691514000,1.09483,1.09621,1.09478,1.09565,11131
1691528400,1.09565,1.09654,1.09518,1.09577,5590
1691542800,1.09577,1.09709,1.09553,1.09668,13985
1691557200,1.09668,1.09889,1.09668,1.09838,18167
1691571600,1.09838,1.09874,1.09622,1.09817,18600
1691586000,1.09817,1.09956,1.09718,1.09784,22896
1691600400,1.09784,1.09918,1.09712,1.09736,10373
1691614800,1.09736,1.0981,1.09674,1.0971,5239
1691629200,1.0971,1.09882,1.09678,1.09794,11279
1691643600,1.09794,1.10266,1.09786,1.10186,17627
1691658000,1.10186,1.10652,1.10107,1.10418,22606
1691672400,1.10418,1.10458,1.10078,1.10132,32239
1691686800,1.10132,1.10142,1.09762,1.09806,17522
1691701200,1.09806,1.09891,1.09796,1.0988,5191
1691715600,1.0988,1.0998,1.09841,1.09854,10462
1691730000,1.09854,1.10032,1.09842,1.09996,17274
1691744400,1.09996,1.10051,1.0966,1.09682,21419
1691758800,1.09682,1.0984,1.09458,1.09465,28830
1691773200,1.09465,1.09558,1.0943,1.09468,9459
1691960400,1.09468,1.09543,1.09362,1.09371,6404
1691974800,1.09371,1.0941,1.09293,1.09357,13781
1691989200,1.09357,1.09604,1.09262,1.09462,18947
1692003600,1.09462,1.09531,1.09021,1.09057,19925
1692018000,1.09057,1.0936,1.08748,1.09283,25410
1692032400,1.09283,1.09312,1.09029,1.09072,10583
1692046800,1.09072,1.09151,1.09016,1.09074,5029
1692061200,1.09074,1.09177,1.09005,1.09102,14348
1692075600,1.09102,1.09344,1.09063,1.09282,21720
1692090000,1.09282,1.0945,1.08968,1.09218,24893
1692104400,1.09218,1.09524,1.09151,1.0918,30912
1692118800,1.0918,1.09211,1.08991,1.09044,10821
1692133200,1.09044,1.09106,1.08992,1.09034,5858
1692147600,1.09034,1.09136,1.0899,1.09135,15078
1692162000,1.09135,1.09347,1.09106,1.09282,19988
1692176400,1.09282,1.09327,1.09024,1.09024,17973
1692190800,1.09024,1.09235,1.08861,1.08868,26933
1692205200,1.08868,1.09004,1.08716,1.08792,18063
1692219600,1.08792,1.08903,1.08664,1.08697,6304
1692234000,1.08697,1.08708,1.08617,1.08686,14611
1692248400,1.08686,1.08868,1.08628,1.08731,18335
1692262800,1.08731,1.09186,1.08638,1.09064,23445
1692277200,1.09064,1.0918,1.08668,1.0878,25874
1692291600,1.0878,1.08786,1.08566,1.08723,12788
1692306000,1.08723,1.08922,1.0868,1.08898,5558
1692320400,1.08898,1.0894,1.08804,1.08824,13301
1692334800,1.08824,1.08874,1.08638,1.08676,16635
1692349200,1.08676,1.08764,1.0845,1.08556,15679
1692363600,1.08556,1.08816,1.08532,1.08732,21928
1692378000,1.08732,1.08814,1.08684,1.08727,9292
1692565200,1.08727,1.08844,1.08702,1.08798,4468
1692579600,1.08798,1.08838,1.08697,1.08812,10600
1692594000,1.08812,1.08898,1.08724,1.0886,15034
1692608400,1.0886,1.09138,1.08856,1.08986,15767
1692622800,1.08986,1.09044,1.08753,1.09018,20428
1692637200,1.09018,1.09034,1.08928,1.08957,8482
1692651600,1.08957,1.09016,1.08926,1.09004,4317
1692666000,1.09004,1.0917,1.08981,1.09091,9449
1692680400,1.09091,1.09304,1.09046,1.091,15807
1692694800,1.091,1.09126,1.08649,1.08661,14377
1692709200,1.08661,1.08712,1.0833,1.08496,21023
1692723600,1.08496,1.08553,1.08435,1.08461,7217
1692738000,1.08461,1.08536,1.08436,1.08472,3474
1692752400,1.08472,1.08608,1.08447,1.08608,9237
1692766800,1.08608,1.08715,1.08116,1.0819,21350
1692781200,1.0819,1.08207,1.08024,1.08043,15482
1692795600,1.08043,1.08683,1.08034,1.0863,26235
1692810000,1.0863,1.08702,1.08558,1.08629,9531
1692824400,1.08629,1.08754,1.08611,1.08698,4901
1692838800,1.08698,1.08712,1.08584,1.08699,9788
1692853200,1.08699,1.08768,1.08521,1.0862,15741
1692867600,1.0862,1.08635,1.08143,1.0821,15452
1692882000,1.0821,1.08488,1.0818,1.08214,22508
1692896400,1.08214,1.0824,1.0805,1.08102,9149
1692910800,1.08102,1.08164,1.07928,1.07945,4990
1692925200,1.07945,1.07952,1.07768,1.07827,8815
1692939600,1.07827,1.07922,1.07661,1.07864,14709
1692954000,1.07864,1.08174,1.07848,1.08128,13122
1692968400,1.08128,1.08418,1.07658,1.07962,36792
1692982800,1.07962,1.08127,1.07908,1.07944,11174
1693170000,1.07944,1.0805,1.07934,1.08025,4874
1693184400,1.08025,1.08114,1.08014,1.08078,9434
1693198800,1.08078,1.08209,1.07994,1.08007,11320
1693213200,1.08007,1.08224,1.08002,1.08102,13265
1693227600,1.08102,1.08142,1.0799,1.08075,17576
1693242000,1.08075,1.08199,1.08039,1.0819,8060
1693256400,1.0819,1.08317,1.08152,1.08238,4656
1693270800,1.08238,1.08384,1.08234,1.08243,8942
1693285200,1.08243,1.08298,1.08084,1.08102,12589
1693299600,1.08102,1.08164,1.07862,1.07925,14564
1693314000,1.07925,1.08643,1.07823,1.0863,29594
1693328400,1.0863,1.0892,1.08604,1.08788,10292
1693342800,1.08788,1.08851,1.08672,1.08698,4967
1693357200,1.08698,1.08724,1.08604,1.08606,10293
1693371600,1.08606,1.08768,1.08552,1.08674,16254
1693386000,1.08674,1.09259,1.08662,1.09212,20211
1693400400,1.09212,1.09456,1.09132,1.09258,23815
1693414800,1.09258,1.09328,1.09168,1.09234,8029
1693429200,1.09234,1.09341,1.09214,1.09332,4325
1693443600,1.09332,1.09398,1.09184,1.09188,8049
1693458000,1.09188,1.09247,1.08773,1.08782,15499
1693472400,1.08782,1.08852,1.08576,1.08744,19951
1693486800,1.08744,1.08748,1.08351,1.08387,24540
1693501200,1.08387,1.08544,1.08366,1.08434,8246
1693515600,1.08434,1.08454,1.08362,1.08376,4536
1693530000,1.08376,1.08542,1.08376,1.08466,8186
1693544400,1.08466,1.08598,1.08285,1.08486,13759
1693558800,1.08486,1.08822,1.08325,1.0864,19114
1693573200,1.0864,1.08813,1.078,1.07841,34281
1693587600,1.07841,1.07892,1.07721,1.07752,6118
1693774800,1.07752,1.07826,1.07716,1.07788,3322
1693789200,1.07788,1.07875,1.07748,1.0787,7082
1693803600,1.0787,1.0807,1.07837,1.0798,10427
1693818000,1.0798,1.0809,1.07925,1.07973,8755
1693832400,1.07973,1.08056,1.07834,1.07938,7023
1693846800,1.07938,1.07968,1.0793,1.07966,1493
1693861200,1.07966,1.07978,1.07888,1.07932,2847
1693875600,1.07932,1.07985,1.07808,1.07923,7784
1693890000,1.07923,1.07936,1.0742,1.07483,17130
1693904400,1.07483,1.07571,1.07166,1.0744,17200
1693918800,1.0744,1.07488,1.07065,1.07296,23369
1693933200,1.07296,1.07316,1.0719,1.07217,6461
1693947600,1.07217,1.07284,1.07152,1.07193,4314
1693962000,1.07193,1.07361,1.07134,1.07358,9479
1693976400,1.07358,1.07482,1.07242,1.07342,16908
1693990800,1.07342,1.0749,1.07248,1.0737,13420
1694005200,1.0737,1.07404,1.07027,1.07208,25794
1694019600,1.07208,1.07295,1.072,1.07272,7273
1694034000,1.07272,1.07276,1.07192,1.07222,3098
1694048400,1.07222,1.0732,1.0718,1.07193,7416
1694062800,1.07193,1.07258,1.07078,1.07106,13439
1694077200,1.07106,1.0718,1.06861,1.06935,15596
1694091600,1.06935,1.07102,1.06864,1.07042,18411
1694106000,1.07042,1.07096,1.06938,1.06959,7107
1694120400,1.06959,1.07153,1.06942,1.0714,4177
1694134800,1.0714,1.07234,1.07048,1.07136,8453
1694149200,1.07136,1.07282,1.07077,1.07117,13270
1694163600,1.07117,1.07137,1.0694,1.07024,13874
1694178000,1.07024,1.07438,1.06995,1.07046,17402
1694192400,1.07046,1.07108,1.0697,1.06992,7966
1694379600,1.06992,1.07212,1.06992,1.07134,6081
1694394000,1.07134,1.07378,1.07104,1.07354,10858
1694408400,1.07354,1.07415,1.07222,1.07287,15160
1694422800,1.07287,1.07345,1.07156,1.07276,13322
1694437200,1.07276,1.07594,1.07222,1.07512,16440
1694451600,1.07512,1.07524,1.07442,1.07504,7653
1694466000,1.07504,1.0754,1.07423,1.0744,3485
1694480400,1.0744,1.07694,1.07377,1.07392,9422
1694494800,1.07392,1.0741,1.07122,1.07144,13569
1694509200,1.07144,1.07262,1.07058,1.07074,13497
1694523600,1.07074,1.07376,1.07056,1.07233,14204
1694538000,1.07233,1.0765,1.07233,1.07566,9468
1694552400,1.07566,1.07643,1.07526,1.07593,4473
1694566800,1.07593,1.0765,1.07446,1.07523,9083
1694581200,1.07523,1.07548,1.07312,1.07352,15285
1694595600,1.07352,1.07616,1.07112,1.07477,22812
1694610000,1.07477,1.0756,1.07272,1.07407,24454
1694624400,1.07407,1.07494,1.0728,1.07298,7776
1694638800,1.07298,1.07426,1.07292,1.07401,4014
1694653200,1.07401,1.0749,1.07316,1.07472,8888
1694667600,1.07472,1.07523,1.07322,1.07341,11459
1694682000,1.07341,1.0748,1.06555,1.06771,24935
1694696400,1.06771,1.06975,1.06453,1.06487,30616
1694710800,1.06487,1.06508,1.06319,1.0644,8972
1694725200,1.0644,1.06448,1.06344,1.06424,4149
1694739600,1.06424,1.06538,1.06333,1.06535,9722
1694754000,1.06535,1.06688,1.06488,1.06658,15604
1694768400,1.06658,1.06694,1.06452,1.06504,13212
1694782800,1.06504,1.06878,1.06498,1.06723,24432
1694797200,1.06723,1.06764,1.0657,1.06592,8612
1694984400,1.06592,1.06719,1.06592,1.06716,3421
1694998800,1.06716,1.06738,1.0661,1.06688,6836
1695013200,1.06688,1.06779,1.06562,1.0664,11974
1695027600,1.0664,1.0675,1.0656,1.06569,11456
1695042000,1.06569,1.06989,1.06548,1.06922,15861
1695056400,1.06922,1.06981,1.0678,1.06919,7251
1695070800,1.06919,1.06967,1.06874,1.06886,3832
1695085200,1.06886,1.06895,1.0679,1.068,6149
1695099600,1.068,1.06953,1.06752,1.06868,12127
1695114000,1.06868,1.0718,1.06821,1.06998,13861
1695128400,1.06998,1.07016,1.06784,1.06848,16548
1695142800,1.06848,1.06918,1.06762,1.06791,7584
1695157200,1.06791,1.06861,1.06785,1.0685,3720
1695171600,1.0685,1.06899,1.06782,1.06788,6857
1695186000,1.06788,1.0697,1.06732,1.06964,13581
1695200400,1.06964,1.0705,1.06921,1.06981,11013
1695214800,1.06981,1.07369,1.06972,1.07351,16231
1695229200,1.07351,1.07356,1.06502,1.06599,30204
1695243600,1.06599,1.06649,1.063,1.06314,6421
1695258000,1.06314,1.06414,1.06169,1.06372,9791
1695272400,1.06372,1.06638,1.06328,1.06556,16615
1695286800,1.06556,1.06649,1.06246,1.06423,21279
1695301200,1.06423,1.06736,1.06378,1.0656,22316
1695315600,1.0656,1.0671,1.06556,1.0661,9487
1695330000,1.0661,1.06638,1.06535,1.06576,4347
1695344400,1.06576,1.06578,1.0641,1.06548,10004
1695358800,1.06548,1.0668,1.0615,1.06462,21401
1695373200,1.06462,1.06608,1.06341,1.06558,14001
1695387600,1.06558,1.06718,1.06421,1.06558,16781
1695402000,1.06558,1.06616,1.06394,1.06448,8401
1695589200,1.06448,1.06557,1.06438,1.06546,4416
1695603600,1.06546,1.06552,1.06434,1.0649,7725
1695618000,1.0649,1.06532,1.06241,1.06258,13813
1695632400,1.06258,1.06436,1.06194,1.06223,14372
1695646800,1.06223,1.06246,1.05753,1.05892,19921
1695661200,1.05892,1.05988,1.05854,1.05932,7407
1695675600,1.05932,1.05966,1.05808,1.05845,5237
1695690000,1.05845,1.0593,1.05784,1.05926,7509
1695704400,1.05926,1.06,1.057,1.0596,14620
1695718800,1.0596,1.06091,1.05896,1.06059,13585
1695733200,1.06059,1.06067,1.05677,1.05692,19216
1695747600,1.05692,1.05763,1.05622,1.0572,8011
1695762000,1.0572,1.05743,1.0556,1.056,4927
1695776400,1.056,1.05702,1.05572,1.05602,9088
1695790800,1.05602,1.05742,1.0555,1.056,13645
1695805200,1.056,1.05638,1.05346,1.05468,15806
1695819600,1.05468,1.0549,1.05008,1.0503,22254
1695834000,1.0503,1.05189,1.0488,1.05026,15234
1695848400,1.05026,1.05154,1.05022,1.05154,5282
1695862800,1.05154,1.05163,1.0497,1.05043,9293
1695877200,1.05043,1.05245,1.04911,1.05168,17851
1695891600,1.05168,1.05574,1.05153,1.05181,22550
1695906000,1.05181,1.0579,1.05178,1.0558,28370
1695920400,1.0558,1.05674,1.05499,1.05664,12206
1695934800,1.05664,1.05676,1.05581,1.05642,4527
1695949200,1.05642,1.0583,1.0562,1.05802,7747
1695963600,1.05802,1.06167,1.05743,1.06092,18823
1695978000,1.06092,1.06171,1.05883,1.05999,20677
1695992400,1.05999,1.06074,1.057,1.05777,28309
1696006800,1.05777,1.058,1.0564,1.05744,13798
1696194000,1.05744,1.05744,1.05579,1.05641,5645
1696208400,1.05641,1.05713,1.05641,1.05688,5654
1696222800,1.05688,1.05919,1.05601,1.05621,14444
1696237200,1.05621,1.05628,1.05249,1.05296,17120
1696251600,1.05296,1.05328,1.04883,1.04892,27407
1696266000,1.04892,1.05054,1.04779,1.0478,11938
1696280400,1.0478,1.04828,1.04642,1.04726,6059
1696294800,1.04726,1.04748,1.046,1.04634,8338
1696309200,1.04634,1.04936,1.04609,1.04853,14879
1696323600,1.04853,1.04913,1.04622,1.04662,16730
1696338000,1.04662,1.04859,1.04485,1.04624,36239
1696352400,1.04624,1.04797,1.04596,1.04669,11926
1696366800,1.04669,1.04758,1.04631,1.04714,4491
1696381200,1.04714,1.0472,1.04572,1.04702,9361
1696395600,1.04702,1.04888,1.04515,1.04862,15220
1696410000,1.04862,1.05322,1.0485,1.05252,22481
1696424400,1.05252,1.05259,1.0483,1.05122,27011
1696438800,1.05122,1.05196,1.04978,1.0504,11882
1696453200,1.0504,1.05221,1.05022,1.05204,4112
1696467600,1.05204,1.05291,1.05204,1.05208,9283
1696482000,1.05208,1.05262,1.05017,1.05043,15627
1696496400,1.05043,1.053,1.05,1.0515,20841
1696510800,1.0515,1.05402,1.05079,1.0536,31735
1696525200,1.0536,1.05518,1.05289,1.0551,12128
1696539600,1.0551,1.0551,1.05414,1.05418,4100
1696554000,1.05418,1.05476,1.05383,1.05405,8469
1696568400,1.05405,1.05534,1.05316,1.05484,14482
1696582800,1.05484,1.05685,1.04824,1.04963,26364
1696597200,1.04963,1.06002,1.04884,1.05793,41823
1696611600,1.05793,1.05997,1.05772,1.05872,11014
1696798800,1.05872,1.05872,1.05501,1.05736,9331
1696813200,1.05736,1.05742,1.05479,1.05502,9317
1696827600,1.05502,1.05586,1.05195,1.05416,18458
1696842000,1.05416,1.05452,1.05226,1.05332,15414
1696856400,1.05332,1.05579,1.05326,1.05356,22107
1696870800,1.05356,1.05724,1.05352,1.05668,12493
1696885200,1.05668,1.05838,1.05599,1.05728,7281
1696899600,1.05728,1.05809,1.05607,1.05614,11445
1696914000,1.05614,1.06096,1.05544,1.06044,23073
1696928400,1.06044,1.06113,1.0572,1.05934,22287
1696942800,1.05934,1.06199,1.05848,1.06173,24868
1696957200,1.06173,1.06185,1.05925,1.06047,14348
1696971600,1.06047,1.06144,1.0603,1.06108,4312
1696986000,1.06108,1.06124,1.06014,1.06028,9547
1697000400,1.06028,1.06287,1.05933,1.06086,20324
1697014800,1.06086,1.06148,1.05818,1.06146,22164
1697029200,1.06146,1.06348,1.05996,1.06074,28339
1697043600,1.06074,1.06204,1.05848,1.06183,12251
1697058000,1.06183,1.0628,1.06155,1.06224,4336
1697072400,1.06224,1.06318,1.06202,1.06311,8463
1697086800,1.06311,1.06399,1.06194,1.06266,14796
1697101200,1.06266,1.06275,1.05718,1.05817,21717
1697115600,1.05817,1.05862,1.05445,1.05486,30291
1697130000,1.05486,1.05492,1.05258,1.05283,13635
1697144400,1.05283,1.05396,1.05272,1.0539,5366
1697158800,1.0539,1.05502,1.05376,1.055,9132
1697173200,1.055,1.05586,1.05314,1.05538,18113
1697187600,1.05538,1.0555,1.0514,1.05375,21119
1697202000,1.05375,1.05414,1.04954,1.05091,29837
1697216400,1.05091,1.0516,1.05008,1.0509,13543
1697403600,1.0509,1.05258,1.0509,1.05176,6709
1697418000,1.05176,1.0527,1.05176,1.0526,7625
1697432400,1.0526,1.05431,1.0523,1.05409,17897
1697446800,1.05409,1.05461,1.05262,1.05418,16194
1697461200,1.05418,1.05554,1.05256,1.05475,18461
1697475600,1.05475,1.05628,1.05436,1.05593,7465
1697490000,1.05593,1.05621,1.0553,1.05556,4954
1697504400,1.05556,1.0556,1.05454,1.05474,8596
1697518800,1.05474,1.05548,1.05329,1.0536,14076
1697533200,1.0536,1.05793,1.0536,1.05471,20720
1697547600,1.05471,1.0595,1.05397,1.05796,26946
1697562000,1.05796,1.05812,1.05641,1.05762,9927
1697576400,1.05762,1.05788,1.05604,1.05644,4505
1697590800,1.05644,1.05792,1.05613,1.05756,9516
1697605200,1.05756,1.05945,1.05704,1.05834,16028
1697619600,1.05834,1.05868,1.05492,1.0557,19040
1697634000,1.0557,1.05642,1.05232,1.0537,27114
1697648400,1.0537,1.05539,1.05316,1.0536,13317
1697662800,1.0536,1.054,1.05328,1.0539,4858
1697677200,1.0539,1.05421,1.05306,1.05336,9319
1697691600,1.05336,1.05482,1.05282,1.05359,16874
1697706000,1.05359,1.05797,1.05352,1.05763,18582
1697720400,1.05763,1.06168,1.05564,1.05966,39637
1697734800,1.05966,1.06066,1.05783,1.05814,23883
1697749200,1.05814,1.05868,1.05738,1.0576,5602
1697763600,1.0576,1.058,1.05684,1.05754,8879
1697778000,1.05754,1.05953,1.0565,1.05877,16930
1697792400,1.05877,1.0599,1.05652,1.05838,17538
1697806800,1.05838,1.06009,1.05722,1.05896,24510
1697821200,1.05896,1.06038,1.05864,1.05948,10864
1698008400,1.05948,1.05975,1.0584,1.05872,5240
1698022800,1.05872,1.05872,1.05734,1.05764,6957
1698037200,1.05764,1.06105,1.05715,1.06028,14072
1698051600,1.06028,1.06184,1.05906,1.06099,16861
1698066000,1.06099,1.06648,1.05912,1.06647,24865
1698080400,1.06647,1.0678,1.06597,1.06686,12137
1698094800,1.06686,1.06736,1.06646,1.06724,4177
1698109200,1.06724,1.06873,1.06679,1.06792,8916
1698123600,1.06792,1.06946,1.06442,1.06504,17828
1698138000,1.06504,1.06514,1.06122,1.06158,17172
1698152400,1.06158,1.06246,1.0583,1.05869,25750
1698166800,1.05869,1.05944,1.05847,1.0591,10890
1698181200,1.0591,1.0599,1.0588,1.05927,4591
1698195600,1.05927,1.06065,1.05919,1.06062,7274
1698210000,1.06062,1.06068,1.05783,1.05851,12521
1698224400,1.05851,1.05851,1.05658,1.0575,14608
1698238800,1.0575,1.05956,1.05669,1.05746,27153
1698253200,1.05746,1.05768,1.05658,1.05661,14168
1698267600,1.05661,1.05735,1.05576,1.05596,5302
1698282000,1.05596,1.05614,1.05414,1.05457,8673
1698296400,1.05457,1.05526,1.05329,1.05454,15194
1698310800,1.05454,1.05593,1.05218,1.05592,20496
1698325200,1.05592,1.05605,1.05249,1.05286,29235
1698339600,1.05286,1.05648,1.05282,1.05639,13638
1698354000,1.05639,1.05658,1.05558,1.05579,6242
1698368400,1.05579,1.05679,1.05526,1.05673,6824
1698382800,1.05673,1.05701,1.05522,1.05618,12601
1698397200,1.05618,1.05696,1.05352,1.05559,15721
1698411600,1.05559,1.05971,1.05554,1.05831,27010
1698426000,1.05831,1.05832,1.05574,1.05652,13507
1698613200,1.05652,1.05767,1.05553,1.05626,5534
1698627600,1.05626,1.0566,1.05584,1.05611,6769
1698642000,1.05611,1.05676,1.05472,1.056,11557
1698656400,1.056,1.06086,1.05599,1.0607,15468
1698670800,1.0607,1.06253,1.05908,1.06072,24453
1698685200,1.06072,1.06217,1.06003,1.06151,8303
1698699600,1.06151,1.06182,1.06095,1.06115,3547
1698714000,1.06115,1.06127,1.05906,1.05939,11927
1698728400,1.05939,1.06458,1.05927,1.06454,13453
1698742800,1.06454,1.0675,1.06213,1.06243,21441
1698757200,1.06243,1.06258,1.05574,1.05676,30806
1698771600,1.05676,1.05858,1.0566,1.05743,11924
1698786000,1.05743,1.05806,1.05687,1.05735,4868
1698800400,1.05735,1.05766,1.0566,1.05672,8027
1698814800,1.05672,1.05776,1.05571,1.05583,11230
1698829200,1.05583,1.05628,1.05369,1.05386,17876
1698843600,1.05386,1.0571,1.05214,1.05338,28535
1698858000,1.05338,1.05759,1.05166,1.0569,34099
1698872400,1.0569,1.06021,1.0567,1.0602,6414
1698886800,1.0602,1.06023,1.05933,1.0596,7695
1698901200,1.0596,1.06102,1.05912,1.06004,13941
1698915600,1.06004,1.06678,1.0599,1.06644,21859
1698930000,1.06644,1.0667,1.06106,1.06155,27002
1698944400,1.06155,1.06326,1.0614,1.06224,10667
1698958800,1.06224,1.06254,1.06149,1.0618,5049
1698973200,1.0618,1.0629,1.06149,1.06264,6153
1698987600,1.06264,1.0634,1.06197,1.06272,9995
1699002000,1.06272,1.07194,1.06243,1.07094,21512
1699016400,1.07094,1.07394,1.06936,1.07394,38457
1699030800,1.07394,1.07469,1.07224,1.07286,11059
1699221600,1.07286,1.07336,1.07224,1.07284,6846
1699236000,1.07284,1.07389,1.07266,1.07356,6275
1699250400,1.07356,1.07564,1.07316,1.07472,14647
1699264800,1.07472,1.07558,1.0735,1.07376,14044
1699279200,1.07376,1.07495,1.07261,1.07356,16549
1699293600,1.07356,1.07373,1.07165,1.07177,9869
1699308000,1.07177,1.07224,1.07079,1.07105,5754
1699322400,1.07105,1.07142,1.07052,1.07106,8137
1699336800,1.07106,1.07116,1.0683,1.06836,14408
1699351200,1.06836,1.06977,1.06655,1.06762,16737
1699365600,1.06762,1.06929,1.06642,1.06773,20982
1699380000,1.06773,1.0705,1.06764,1.07,11578
1699394400,1.07,1.07012,1.06864,1.06919,6448
1699408800,1.06919,1.06993,1.06854,1.06861,7517
1699423200,1.06861,1.06882,1.06602,1.06654,14097
1699437600,1.06654,1.0678,1.06594,1.06694,14657
1699452000,1.06694,1.07162,1.0669,1.07078,22295
1699466400,1.07078,1.07143,1.07,1.07093,12392
1699480800,1.07093,1.07147,1.07024,1.07122,6180
1699495200,1.07122,1.07159,1.07024,1.07024,5558
1699509600,1.07024,1.071,1.06936,1.06977,13639
1699524000,1.06977,1.07089,1.06804,1.07076,16021
1699538400,1.07076,1.07256,1.06999,1.07048,22421
1699552800,1.07048,1.07058,1.06603,1.06681,27366
1699567200,1.06681,1.06752,1.0663,1.0672,6247
1699581600,1.0672,1.06746,1.06659,1.06694,6647
1699596000,1.06694,1.06802,1.06562,1.06772,14446
1699610400,1.06772,1.06929,1.06694,1.06888,16307
1699624800,1.06888,1.06898,1.06624,1.06794,24081
1699639200,1.06794,1.06876,1.0673,1.06847,9943
1699826400,1.06847,1.06908,1.06812,1.06867,6341
1699840800,1.06867,1.0689,1.06814,1.06858,5276
1699855200,1.06858,1.07016,1.06837,1.06898,12044
1699869600,1.06898,1.06998,1.06651,1.06728,14047
1699884000,1.06728,1.07062,1.06682,1.06958,19557
1699898400,1.06958,1.07058,1.06902,1.06992,7972
1699912800,1.06992,1.07024,1.06946,1.06989,4951
1699927200,1.06989,1.07024,1.06929,1.06958,5764
1699941600,1.06958,1.07177,1.06942,1.07162,12703
1699956000,1.07162,1.08003,1.0711,1.07895,23576
1699970400,1.07895,1.08739,1.07889,1.0873,33315
1699984800,1.0873,1.08876,1.08678,1.08791,9361
1699999200,1.08791,1.08828,1.08656,1.08721,6338
1700013600,1.08721,1.08839,1.08708,1.08728,7853
1700028000,1.08728,1.08794,1.0844,1.08522,17895
1700042400,1.08522,1.08861,1.084,1.08592,20016
1700056800,1.08592,1.08688,1.08316,1.08542,25572
1700071200,1.08542,1.08546,1.0841,1.08476,9791
1700085600,1.08476,1.08558,1.0842,1.08438,7089
1700100000,1.08438,1.08441,1.08302,1.0838,7543
1700114400,1.0838,1.0861,1.08341,1.0851,14123
1700128800,1.0851,1.08816,1.0839,1.0881,17665
1700143200,1.0881,1.08956,1.08465,1.086,26976
1700157600,1.086,1.08658,1.08448,1.08528,9096
1700172000,1.08528,1.0857,1.08468,1.0853,7288
1700186400,1.0853,1.08572,1.08481,1.08532,6452
1700200800,1.08532,1.08586,1.08248,1.08529,16743
1700215200,1.08529,1.08777,1.08516,1.08712,19270
1700229600,1.08712,1.08935,1.08586,1.08903,23636
1700244000,1.08903,1.09143,1.08884,1.09127,8313
1700431200,1.09127,1.09127,1.08975,1.09084,7785
1700445600,1.09084,1.09359,1.09082,1.09186,10254
1700460000,1.09186,1.09403,1.0913,1.09368,17230
1700474400,1.09368,1.09369,1.09207,1.09266,14405
1700488800,1.09266,1.09518,1.09187,1.09376,17487
1700503200,1.09376,1.09519,1.09369,1.094,10825
1700517600,1.094,1.09574,1.09388,1.09524,8126
1700532000,1.09524,1.09652,1.09482,1.09562,8985
1700546400,1.09562,1.0964,1.09425,1.09438,15417
1700560800,1.09438,1.09614,1.0939,1.09451,15521
1700575200,1.09451,1.09595,1.09189,1.0921,22160
1700589600,1.0921,1.09217,1.09002,1.09108,12478
1700604000,1.09108,1.0923,1.0909,1.09134,6826
1700618400,1.09134,1.09204,1.09051,1.09074,7589
1700632800,1.09074,1.092,1.08826,1.09026,15944
1700647200,1.09026,1.09179,1.08912,1.08961,20211
1700661600,1.08961,1.08986,1.08524,1.08787,26352
1700676000,1.08787,1.08895,1.08776,1.08888,8810
1700690400,1.08888,1.08961,1.08825,1.08952,4934
1700704800,1.08952,1.0912,1.08948,1.09107,5598
1700719200,1.09107,1.09309,1.08956,1.09232,16981
1700733600,1.09232,1.09242,1.08966,1.09017,10892
1700748000,1.09017,1.09106,1.08872,1.0906,8981
1700762400,1.0906,1.09074,1.09026,1.09066,1563
1700776800,1.09066,1.09105,1.09014,1.09021,5518
1700791200,1.09021,1.09122,1.0895,1.0912,6219
1700805600,1.0912,1.0921,1.09016,1.0903,11815
1700820000,1.0903,1.09282,1.09017,1.0922,12751
1700834400,1.0922,1.09454,1.09173,1.09406,16744
1700848800,1.09406,1.09489,1.09369,1.09399,13532
1701036000,1.09399,1.095,1.09267,1.09469,6915
1701050400,1.09469,1.09508,1.0938,1.09496,7960
1701064800,1.09496,1.09592,1.09392,1.09485,12629
1701079200,1.09485,1.09566,1.09436,1.09438,15026
1701093600,1.09438,1.09451,1.0925,1.09344,22885
1701108000,1.09344,1.09575,1.09324,1.09545,8683
1701122400,1.09545,1.0962,1.09495,1.09578,6445
1701136800,1.09578,1.0963,1.095,1.09512,6453
1701151200,1.09512,1.09553,1.09346,1.09538,14066
1701165600,1.09538,1.0974,1.09453,1.09725,15517
1701180000,1.09725,1.1009,1.09641,1.0987,33362
1701194400,1.0987,1.09955,1.09734,1.09952,13640
1701208800,1.09952,1.10173,1.09924,1.1006,9344
1701223200,1.1006,1.10085,1.09968,1.1002,7944
1701237600,1.1002,1.10047,1.09718,1.09746,19931
1701252000,1.09746,1.0995,1.0969,1.09728,21535
1701266400,1.09728,1.09912,1.09602,1.09761,27203
1701280800,1.09761,1.0995,1.09688,1.09698,10034
1701295200,1.09698,1.0984,1.09687,1.09696,5946
1701309600,1.09696,1.0978,1.09652,1.09725,7677
1701324000,1.09725,1.0982,1.09202,1.0925,20256
1701338400,1.0925,1.095,1.09091,1.09159,21544
1701352800,1.09159,1.09226,1.08882,1.089,34324
1701367200,1.089,1.09,1.08794,1.08884,10982
1701381600,1.08884,1.09103,1.0886,1.0907,9040
1701396000,1.0907,1.09128,1.08983,1.0911,7702
1701410400,1.0911,1.0912,1.0886,1.08978,18464
1701424800,1.08978,1.09038,1.08664,1.08676,18923
1701439200,1.08676,1.08856,1.08289,1.08818,39296
1701453600,1.08818,1.0893,1.08702,1.08833,13864
1701640800,1.08833,1.0895,1.08666,1.08731,14187
1701655200,1.08731,1.0886,1.08684,1.08693,9057
1701669600,1.08693,1.0881,1.08499,1.08748,19547
1701684000,1.08748,1.0879,1.08533,1.08546,17681
1701698400,1.08546,1.08553,1.08041,1.08257,30297
1701712800,1.08257,1.08372,1.0815,1.08363,9880
1701727200,1.08363,1.08464,1.08305,1.08394,7319
1701741600,1.08394,1.08476,1.08348,1.08476,8293
1701756000,1.08476,1.08476,1.08041,1.0832,20243
1701770400,1.0832,1.08398,1.08125,1.08286,19582
1701784800,1.08286,1.0839,1.0782,1.0792,36726
1701799200,1.0792,1.0799,1.0778,1.07983,10306
1701813600,1.07983,1.0799,1.07879,1.07922,7141
1701828000,1.07922,1.08019,1.07881,1.08012,8004
1701842400,1.08012,1.08012,1.0775,1.07911,17700
1701856800,1.07911,1.07999,1.07724,1.0798,20565
1701871200,1.0798,1.08048,1.07809,1.07814,25812
1701885600,1.07814,1.07844,1.07587,1.07644,9640
1701900000,1.07644,1.07724,1.07642,1.07672,7101
1701914400,1.07672,1.0771,1.0757,1.07616,8339
1701928800,1.07616,1.07848,1.07551,1.07798,20973
1701943200,1.07798,1.0798,1.07594,1.07904,24845
1701957600,1.07904,1.08178,1.07672,1.08138,33629
1701972000,1.08138,1.08138,1.07906,1.0793,12596
1701986400,1.0793,1.08008,1.07854,1.07882,12471
1702000800,1.07882,1.07957,1.07824,1.0784,11220
1702015200,1.0784,1.07914,1.07723,1.0777,19870
1702029600,1.0777,1.079,1.07237,1.0747,26540
1702044000,1.0747,1.07858,1.07304,1.07561,36712
1702058400,1.07561,1.07665,1.0753,1.0761,9443
1702245600,1.0761,1.0774,1.07584,1.07674,8334
1702260000,1.07674,1.07684,1.0761,1.07682,6306
1702274400,1.07682,1.0771,1.07514,1.07672,16767
1702288800,1.07672,1.0779,1.07524,1.07636,16360
1702303200,1.07636,1.07638,1.07416,1.07441,20506
1702317600,1.07441,1.07698,1.07426,1.07644,9819
1702332000,1.07644,1.07699,1.07603,1.07648,5685
1702346400,1.07648,1.0771,1.07613,1.07692,6348
1702360800,1.07692,1.07977,1.07687,1.07933,14496
1702375200,1.07933,1.08282,1.07738,1.07763,23319
1702389600,1.07763,1.08003,1.07672,1.07882,28165
1702404000,1.07882,1.07993,1.07868,1.07946,12224
1702418400,1.07946,1.07999,1.07913,1.07933,5579
1702432800,1.07933,1.0794,1.07843,1.079,6259
1702447200,1.079,1.07929,1.07802,1.07875,15038
1702461600,1.07875,1.08038,1.07732,1.08006,17403
1702476000,1.08006,1.08095,1.07826,1.07844,19568
1702490400,1.07844,1.08966,1.078,1.08751,39604
1702504800,1.08751,1.08981,1.08736,1.08966,11740
1702519200,1.08966,1.09154,1.0893,1.08942,14225
1702533600,1.08942,1.09132,1.088,1.09041,27831
1702548000,1.09041,1.09516,1.08983,1.09438,33623
1702562400,1.09438,1.10094,1.09358,1.1005,40207
1702576800,1.1005,1.10062,1.09796,1.09918,14525
1702591200,1.09918,1.09972,1.0977,1.09848,8574
1702605600,1.09848,1.10037,1.09837,1.09844,11081
1702620000,1.09844,1.09994,1.09462,1.09604,23912
1702634400,1.09604,1.09696,1.09043,1.09165,24517
1702648800,1.09165,1.09285,1.09017,1.09105,31936
1702663200,1.09105,1.09109,1.08886,1.08948,15459
1702850400,1.08948,1.09014,1.08921,1.08976,7303
1702864800,1.08976,1.0916,1.08975,1.09156,6933
1702879200,1.09156,1.093,1.09118,1.09197,16162
1702893600,1.09197,1.09294,1.09073,1.09214,18164
1702908000,1.09214,1.09312,1.09109,1.09278,21340
1702922400,1.09278,1.09281,1.09131,1.09236,9713
1702936800,1.09236,1.0926,1.09159,1.09188,7221
1702951200,1.09188,1.09292,1.09148,1.0928,10964
1702965600,1.0928,1.09495,1.09231,1.09414,20118
1702980000,1.09414,1.09739,1.09304,1.09622,19194
1702994400,1.09622,1.09876,1.09592,1.0975,24180
1703008800,1.0975,1.0981,1.09694,1.09809,9646
1703023200,1.09809,1.09852,1.0968,1.09698,6339
1703037600,1.09698,1.09728,1.09644,1.09648,6602
1703052000,1.09648,1.09714,1.09508,1.09644,18347
1703066400,1.09644,1.09654,1.0934,1.09608,17018
1703080800,1.09608,1.09758,1.09497,1.0958,23378
1703095200,1.0958,1.09638,1.09298,1.09434,16055
1703109600,1.09434,1.09534,1.09384,1.09524,7090
1703124000,1.09524,1.0956,1.09452,1.09545,7709
1703138400,1.09545,1.0955,1.09352,1.09438,15343
1703152800,1.09438,1.10026,1.094,1.09911,21996
1703167200,1.09911,1.10014,1.09755,1.09864,34380
1703181600,1.09864,1.10127,1.09784,1.10122,15677
1703196000,1.10122,1.10126,1.09972,1.09981,6980
1703210400,1.09981,1.10051,1.09956,1.09969,7818
1703224800,1.09969,1.10136,1.0994,1.10044,16939
1703239200,1.10044,1.1038,1.10016,1.1029,22606
1703253600,1.1029,1.10404,1.10001,1.1016,25959
1703268000,1.1016,1.10193,1.10022,1.10146,10750
1703541600,1.10146,1.10232,1.10079,1.10222,3656
1703556000,1.10222,1.10289,1.10197,1.10266,4746
1703570400,1.10266,1.10268,1.10097,1.10145,6767
1703584800,1.10145,1.10248,1.10087,1.10177,9524
1703599200,1.10177,1.10378,1.1014,1.10351,13306
1703613600,1.10351,1.10451,1.10342,1.1042,8110
1703628000,1.1042,1.10443,1.1032,1.10363,4671
1703642400,1.10363,1.10442,1.10284,1.10436,5036
1703656800,1.10436,1.1055,1.10366,1.10546,11339
1703671200,1.10546,1.1074,1.10486,1.10704,11718
1703685600,1.10704,1.11228,1.10689,1.11054,20474
1703700000,1.11054,1.11141,1.1099,1.11066,11166
1703714400,1.11066,1.11222,1.11018,1.11219,5331
1703728800,1.11219,1.11224,1.11085,1.11092,7695
1703743200,1.11092,1.11396,1.11044,1.11294,15690
1703757600,1.11294,1.11324,1.10725,1.10732,17647
1703772000,1.10732,1.11135,1.10661,1.1074,23165
1703786400,1.1074,1.1074,1.10552,1.10626,11008
1703800800,1.10626,1.10844,1.1061,1.10788,7062
1703815200,1.10788,1.10794,1.10611,1.10663,6114
1703829600,1.10663,1.10776,1.10444,1.1049,13096
1703844000,1.1049,1.10807,1.10468,1.10486,16310
1703858400,1.10486,1.10786,1.10427,1.10643,25851
1703872800,1.10643,1.10643,1.10342,1.10374,11531
1704146400,1.10374,1.10453,1.10342,1.1035,4969
1704160800,1.1035,1.10359,1.10166,1.10335,6518
1704175200,1.10335,1.1039,1.10107,1.10153,17816
1704189600,1.10153,1.1017,1.09492,1.09528,21728
1704204000,1.09528,1.09685,1.0941,1.09506,26464
1704218400,1.09506,1.0956,1.09383,1.09406,9474
1704232800,1.09406,1.0955,1.09394,1.09516,5684
1704247200,1.09516,1.09629,1.09487,1.09514,6528
1704261600,1.09514,1.09656,1.09348,1.09364,15734
1704276000,1.09364,1.09392,1.09102,1.09216,20034
1704290400,1.09216,1.09387,1.08982,1.09068,32801
1704304800,1.09068,1.09259,1.08929,1.0922,21429
1704319200,1.0922,1.09278,1.09164,1.09179,6150
1704333600,1.09179,1.09308,1.0916,1.09266,8183
1704348000,1.09266,1.09692,1.0921,1.09676,20294
1704362400,1.09676,1.09724,1.09328,1.09472,19674
1704376800,1.09472,1.09656,1.09382,1.09506,25088
1704391200,1.09506,1.09544,1.09431,1.0945,9940
1704405600,1.0945,1.0956,1.09434,1.09517,7232
1704420000,1.09517,1.09542,1.09342,1.09375,7320
1704434400,1.09375,1.09375,1.09028,1.0913,16314
1704448800,1.0913,1.09281,1.0877,1.09212,25608
1704463200,1.09212,1.09986,1.09212,1.09463,44837
1704477600,1.09463,1.09598,1.09353,1.09423,15213
1704664800,1.09423,1.09532,1.09349,1.0948,5152
1704679200,1.0948,1.09481,1.09307,1.09375,7369
1704693600,1.09375,1.09524,1.09226,1.09372,18049
1704708000,1.09372,1.09563,1.09346,1.0951,19116
1704722400,1.0951,1.0979,1.09495,1.09648,24091
1704736800,1.09648,1.09658,1.09488,1.09506,9788
1704751200,1.09506,1.0962,1.09494,1.09616,7147
1704765600,1.09616,1.09665,1.0948,1.09497,7106
1704780000,1.09497,1.09632,1.0938,1.09442,16372
1704794400,1.09442,1.09482,1.09288,1.09462,19746
1704808800,1.09462,1.09514,1.09102,1.09342,24510
1704823200,1.09342,1.09402,1.092,1.09313,12615
1704837600,1.09313,1.09366,1.09261,1.09321,6234
1704852000,1.09321,1.09361,1.09278,1.09323,6993
1704866400,1.09323,1.0952,1.0923,1.09472,17038
1704880800,1.09472,1.09556,1.09406,1.09407,15150
1704895200,1.09407,1.09692,1.0932,1.09673,18006
1704909600,1.09673,1.0973,1.09594,1.09727,11600
1704924000,1.09727,1.09804,1.09704,1.0979,6249
1704938400,1.0979,1.0985,1.09758,1.09784,6798
1704952800,1.09784,1.09886,1.0959,1.09638,13921
1704967200,1.09638,1.09996,1.09356,1.09396,27147
1704981600,1.09396,1.09739,1.09303,1.09509,44872
1704996000,1.09509,1.0983,1.09498,1.09736,18861
1705010400,1.09736,1.09848,1.09694,1.09828,7650
1705024800,1.09828,1.09854,1.09732,1.09756,7274
1705039200,1.09756,1.0983,1.0961,1.09626,15364
1705053600,1.09626,1.09698,1.0936,1.09554,23188
1705068000,1.09554,1.0987,1.09473,1.09497,31597
1705082400,1.09497,1.09636,1.09484,1.09508,11225
1705269600,1.09508,1.09562,1.09408,1.0955,7090
1705284000,1.0955,1.09676,1.0955,1.09642,6272
1705298400,1.09642,1.09667,1.09431,1.09468,14810
1705312800,1.09468,1.09592,1.09336,1.09506,15430
1705327200,1.09506,1.09526,1.09382,1.09482,11414
1705341600,1.09482,1.09538,1.09476,1.09503,2263
1705356000,1.09503,1.09512,1.09154,1.09278,9747
1705370400,1.09278,1.09278,1.09125,1.09154,8934
1705384800,1.09154,1.09268,1.0884,1.08863,22432
1705399200,1.08863,1.0898,1.08716,1.08742,22760
1705413600,1.08742,1.08948,1.08621,1.08632,36671
1705428000,1.08632,1.08777,1.0863,1.08756,11503
1705442400,1.08756,1.08824,1.08708,1.08773,7610
1705456800,1.08773,1.08846,1.08608,1.08648,9095
1705471200,1.08648,1.08817,1.08555,1.08768,22033
1705485600,1.08768,1.08839,1.08512,1.0864,22293
1705500000,1.0864,1.0871,1.08446,1.08671,26884
1705514400,1.08671,1.08829,1.08566,1.08821,12570
1705528800,1.08821,1.09009,1.08802,1.08962,10003
1705543200,1.08962,1.0903,1.08904,1.0895,8940
1705557600,1.0895,1.09068,1.08767,1.08847,16936
1705572000,1.08847,1.08961,1.08506,1.08526,21106
1705586400,1.08526,1.08702,1.08468,1.08598,31321
1705600800,1.08598,1.08776,1.08542,1.08763,13744
1705615200,1.08763,1.08875,1.08712,1.08856,8346
1705629600,1.08856,1.08898,1.08796,1.0881,7271
1705644000,1.0881,1.08864,1.0868,1.08831,15481
1705658400,1.08831,1.08932,1.08731,1.08807,15346
1705672800,1.08807,1.08935,1.08657,1.08898,27273
1705687200,1.08898,1.08978,1.08858,1.08976,11775
1705874400,1.08976,1.0905,1.08894,1.0902,8191
1705888800,1.0902,1.09094,1.08985,1.09018,6685
1705903200,1.09018,1.09098,1.08874,1.0897,15825
1705917600,1.0897,1.08998,1.088,1.08916,15864
1705932000,1.08916,1.09,1.08818,1.08964,17205
1705946400,1.08964,1.08964,1.08804,1.08826,9844
1705960800,1.08826,1.08888,1.08758,1.08885,5984
1705975200,1.08885,1.0908,1.08852,1.0907,9795
1705989600,1.0907,1.0916,1.08838,1.08876,17044
1706004000,1.08876,1.08884,1.086,1.0874,15015
1706018400,1.0874,1.0874,1.08216,1.08314,23114
1706032800,1.08314,1.0856,1.08305,1.08536,9927
1706047200,1.08536,1.086,1.0848,1.08581,6108
1706061600,1.08581,1.08662,1.08534,1.0862,7679
1706076000,1.0862,1.09078,1.08604,1.09026,19331
1706090400,1.09026,1.09274,1.08875,1.0925,18600
1706104800,1.0925,1.09324,1.08904,1.09054,30655
1706119200,1.09054,1.09061,1.08776,1.08842,14783
1706133600,1.08842,1.08877,1.08702,1.08777,6976
1706148000,1.08777,1.0882,1.08746,1.08784,6658
1706162400,1.08784,1.08998,1.08758,1.0896,14804
1706176800,1.0896,1.09021,1.0867,1.08792,22644
1706191200,1.08792,1.08792,1.08241,1.08378,35004
1706205600,1.08378,1.08482,1.08217,1.08472,13143
1706220000,1.08472,1.08484,1.08374,1.08444,6635
1706234400,1.08444,1.0849,1.0838,1.08426,6640
1706248800,1.08426,1.08506,1.08129,1.08442,18267
1706263200,1.08442,1.08865,1.08441,1.0872,20667
1706277600,1.0872,1.08803,1.08552,1.08638,22899
1706292000,1.08638,1.08661,1.08521,1.08546,9852
1706479200,1.08546,1.08546,1.08413,1.0844,7756
1706493600,1.0844,1.08478,1.08394,1.084,6437
1706508000,1.084,1.08501,1.08231,1.08253,13094
1706522400,1.08253,1.08369,1.08138,1.08204,14185
1706536800,1.08204,1.08227,1.0796,1.08116,17445
1706551200,1.08116,1.08404,1.08092,1.08333,11467
1706565600,1.08333,1.08422,1.083,1.0835,7244
1706580000,1.0835,1.08362,1.08219,1.08224,6415
1706594400,1.08224,1.08322,1.0812,1.0827,16672
1706608800,1.0827,1.08499,1.08231,1.08346,15794
1706623200,1.08346,1.08574,1.08282,1.08388,25225
1706637600,1.08388,1.08488,1.08316,1.08456,10225
1706652000,1.08456,1.08482,1.08313,1.08314,8104
1706666400,1.08314,1.08314,1.0816,1.08205,7724
1706680800,1.08205,1.08369,1.0806,1.08224,17824
1706695200,1.08224,1.0863,1.08214,1.08576,19694
1706709600,1.08576,1.08876,1.0842,1.08498,32671
1706724000,1.08498,1.08644,1.0795,1.08176,45448
1706738400,1.08176,1.08204,1.0802,1.0809,8564
1706752800,1.0809,1.0822,1.08027,1.08028,9291
1706767200,1.08028,1.08052,1.078,1.07986,18871
1706781600,1.07986,1.08275,1.07916,1.08139,22517
1706796000,1.08139,1.08749,1.08054,1.08728,36691
1706810400,1.08728,1.08749,1.0863,1.0872,15975
1706824800,1.0872,1.08799,1.08674,1.08716,6450
1706839200,1.08716,1.08828,1.08714,1.08774,7388
1706853600,1.08774,1.08976,1.08736,1.08908,14212
1706868000,1.08908,1.0895,1.08038,1.08072,20060
1706882400,1.08072,1.0817,1.07808,1.07834,33593
1706896800,1.07834,1.07974,1.07805,1.0787,12646
1707084000,1.0787,1.07874,1.07674,1.07786,12263
1707098400,1.07786,1.07823,1.07733,1.07822,9097
1707112800,1.07822,1.07862,1.07519,1.07536,15457
1707127200,1.07536,1.07589,1.07361,1.07376,15458
1707141600,1.07376,1.0745,1.07233,1.07392,23594
1707156000,1.07392,1.07467,1.07367,1.07419,9280
1707170400,1.07419,1.07472,1.0739,1.07454,6162
1707184800,1.07454,1.07542,1.07434,1.07536,8128
1707199200,1.07536,1.07624,1.07255,1.07294,16014
1707213600,1.07294,1.0744,1.07227,1.07306,14655
1707228000,1.07306,1.07553,1.0729,1.07511,23686
1707242400,1.07511,1.07575,1.07435,1.07537,12521
1707256800,1.07537,1.0765,1.07512,1.07637,6759
1707271200,1.07637,1.07666,1.07567,1.07627,7078
1707285600,1.07627,1.07736,1.07567,1.07692,14567
1707300000,1.07692,1.0784,1.07624,1.07702,16594
1707314400,1.07702,1.078,1.07558,1.0765,25046
1707328800,1.0765,1.07754,1.07644,1.07734,9998
1707343200,1.07734,1.07798,1.0771,1.07786,5633
1707357600,1.07786,1.07884,1.07786,1.07828,6467
1707372000,1.07828,1.07889,1.07686,1.07832,14890
1707386400,1.07832,1.07856,1.07416,1.0744,16787
1707400800,1.0744,1.07767,1.07436,1.07735,17878
1707415200,1.07735,1.07828,1.07726,1.07782,10311
1707429600,1.07782,1.07802,1.07722,1.07744,6079
1707444000,1.07744,1.07784,1.07694,1.07712,5526
1707458400,1.07712,1.07848,1.07661,1.0767,14289
1707472800,1.0767,1.0795,1.07622,1.07832,20168
1707487200,1.07832,1.07955,1.07749,1.07856,22655
1707501600,1.07856,1.0791,1.07798,1.07854,7295
1707688800,1.07854,1.08,1.07823,1.07958,5958
1707703200,1.07958,1.0798,1.07894,1.07916,3247
1707717600,1.07916,1.08058,1.07668,1.07692,12359
1707732000,1.07692,1.0779,1.07611,1.0764,13059
1707746400,1.0764,1.07826,1.0756,1.07824,15751
1707760800,1.07824,1.07862,1.07681,1.07716,9282
1707775200,1.07716,1.0776,1.07656,1.0767,4177
1707789600,1.0767,1.0768,1.07606,1.0767,4336
1707804000,1.0767,1.07778,1.0757,1.07667,13328
1707818400,1.07667,1.07966,1.0703,1.07086,21464
1707832800,1.07086,1.0727,1.07006,1.07155,27806
1707847200,1.07155,1.07204,1.07006,1.07094,10937
1707861600,1.07094,1.07146,1.07034,1.07118,6565
1707876000,1.07118,1.07152,1.07082,1.07141,6689
1707890400,1.07141,1.07188,1.0695,1.07,15669
1707904800,1.07,1.07169,1.06965,1.07089,16204
1707919200,1.07089,1.07346,1.07065,1.07306,22684
1707933600,1.07306,1.07339,1.07255,1.07276,9901
1707948000,1.07276,1.07356,1.07264,1.07284,5244
1707962400,1.07284,1.07324,1.07247,1.07292,5767
1707976800,1.07292,1.07415,1.07272,1.07332,14383
1707991200,1.07332,1.0773,1.07308,1.07664,17071
1708005600,1.07664,1.0785,1.07551,1.07626,23587
1708020000,1.07626,1.07743,1.07607,1.07726,9423
1708034400,1.07726,1.0777,1.07612,1.0765,5939
1708048800,1.0765,1.07652,1.07574,1.07603,7255
1708063200,1.07603,1.07718,1.07587,1.07661,13528
1708077600,1.07661,1.07801,1.07321,1.07466,16725
1708092000,1.07466,1.07782,1.0741,1.0778,24068
1708106400,1.0778,1.07876,1.07729,1.07768,11517
1708293600,1.07768,1.07891,1.07741,1.07804,6228
1708308000,1.07804,1.07834,1.07748,1.0782,5606
1708322400,1.0782,1.07895,1.07724,1.07749,10800
1708336800,1.07749,1.07819,1.07677,1.07702,9171
1708351200,1.07702,1.07766,1.0762,1.07762,7569
1708365600,1.07762,1.07837,1.0776,1.07792,2040
1708380000,1.07792,1.07802,1.0765,1.0766,7959
1708394400,1.0766,1.07712,1.07616,1.07681,7723
1708408800,1.07681,1.0799,1.07675,1.07982,14759
1708423200,1.07982,1.08249,1.07936,1.08231,18859
1708437600,1.08231,1.0839,1.08092,1.08118,19805
1708452000,1.08118,1.08132,1.08044,1.08078,9974
1708466400,1.08078,1.08128,1.08054,1.0812,6747
1708480800,1.0812,1.08192,1.0812,1.08152,7426
1708495200,1.08152,1.08153,1.079,1.07999,12967
1708509600,1.07999,1.08116,1.07942,1.08101,14036
1708524000,1.08101,1.082,1.0801,1.08076,20007
1708538400,1.08076,1.08246,1.08,1.08196,18700
1708552800,1.08196,1.0832,1.08164,1.08267,6607
1708567200,1.08267,1.0838,1.08191,1.08333,6672
1708581600,1.08333,1.08885,1.08331,1.08532,20577
1708596000,1.08532,1.0859,1.08211,1.08232,18075
1708610400,1.08232,1.08246,1.08028,1.082,23132
1708624800,1.082,1.08263,1.08144,1.08231,9692
1708639200,1.08231,1.08322,1.08149,1.0827,6545
1708653600,1.0827,1.08308,1.08212,1.08228,7463
1708668000,1.08228,1.08326,1.08142,1.08174,12645
1708682400,1.08174,1.08396,1.08171,1.0832,16314
1708696800,1.0832,1.0837,1.08118,1.08248,22143
1708711200,1.08248,1.08296,1.08177,1.08206,10720
1708898400,1.08206,1.08314,1.08126,1.08164,7048
1708912800,1.08164,1.08244,1.08143,1.08233,6321
1708927200,1.08233,1.08404,1.08221,1.084,13689
1708941600,1.084,1.08598,1.08386,1.08581,12467
1708956000,1.08581,1.08589,1.08387,1.08453,16730
1708970400,1.08453,1.08526,1.08398,1.08514,8862
1708984800,1.08514,1.08516,1.08454,1.085,5908
1708999200,1.085,1.08554,1.08484,1.0852,7471
1709013600,1.0852,1.0866,1.08472,1.08529,11926
1709028000,1.08529,1.08631,1.08419,1.08482,13636
1709042400,1.08482,1.08579,1.0833,1.08509,19277
1709056800,1.08509,1.08568,1.08408,1.08452,10858
1709071200,1.08452,1.08476,1.08379,1.08396,6981
1709085600,1.08396,1.08404,1.08256,1.08268,6682
1709100000,1.08268,1.08295,1.07966,1.08,14647
1709114400,1.08,1.08308,1.07994,1.08278,17210
1709128800,1.08278,1.08459,1.08214,1.08384,18540
1709143200,1.08384,1.08406,1.08326,1.08387,9404
1709157600,1.08387,1.0841,1.0828,1.0829,7798
1709172000,1.0829,1.0838,1.08287,1.08356,11025
1709186400,1.08356,1.08522,1.0826,1.08506,18178
1709200800,1.08506,1.08544,1.0822,1.08379,20267
1709215200,1.08379,1.0856,1.0796,1.08,26777
1709229600,1.08,1.08113,1.07985,1.08048,11892
1709244000,1.08048,1.08214,1.08022,1.08214,8998
1709258400,1.08214,1.0822,1.08112,1.08122,5713
1709272800,1.08122,1.082,1.08082,1.08156,15065
1709287200,1.08156,1.08248,1.07985,1.0813,18226
1709301600,1.0813,1.08417,1.07982,1.08377,25014
1709316000,1.08377,1.08434,1.08316,1.08398,11332
1709503200,1.08398,1.08481,1.08386,1.08402,7947
1709517600,1.08402,1.0847,1.08386,1.08444,5772
1709532000,1.08444,1.0858,1.08379,1.08491,12924
1709546400,1.08491,1.08576,1.084,1.08487,12407
1709560800,1.08487,1.08669,1.08452,1.0858,17850
1709575200,1.0858,1.08608,1.08548,1.08556,7045
1709589600,1.08556,1.08581,1.08475,1.08496,9710
1709604000,1.08496,1.08549,1.08486,1.08529,5136
1709618400,1.08529,1.08559,1.08416,1.08515,12655
1709632800,1.08515,1.0855,1.08421,1.08464,11958
1709647200,1.08464,1.0876,1.08403,1.086,21143
1709661600,1.086,1.08601,1.0849,1.08568,9831
1709676000,1.08568,1.08589,1.08422,1.08439,9331
1709690400,1.08439,1.0857,1.08438,1.08552,7447
1709704800,1.08552,1.08778,1.08549,1.08766,13328
1709719200,1.08766,1.08851,1.08674,1.0885,15499
1709733600,1.0885,1.09154,1.08814,1.09024,25322
1709748000,1.09024,1.09078,1.08929,1.0899,15720
1709762400,1.0899,1.09074,1.08966,1.0898,8425
1709776800,1.0898,1.09058,1.08936,1.09004,8184
1709791200,1.09004,1.09044,1.08878,1.09017,14181
1709805600,1.09017,1.0902,1.08677,1.08722,18480
1709820000,1.08722,1.09423,1.08692,1.0937,25504
1709834400,1.0937,1.09492,1.09366,1.09484,8659
1709848800,1.09484,1.09558,1.09455,1.0948,7596
1709863200,1.0948,1.09509,1.09442,1.09466,6681
1709877600,1.09466,1.09512,1.09261,1.09353,15139
1709892000,1.09353,1.09813,1.09192,1.09583,21929
1709906400,1.09583,1.09668,1.0937,1.09394,29942
1709920800,1.09394,1.0944,1.09335,1.09388,12675
1710104400,1.09388,1.09468,1.0936,1.09424,5903
1710118800,1.09424,1.09458,1.0937,1.09386,8556
1710133200,1.09386,1.09482,1.09355,1.09446,11702
1710147600,1.09446,1.0945,1.09294,1.09295,11707
1710162000,1.09295,1.09318,1.09146,1.09272,16895
1710176400,1.09272,1.09304,1.09182,1.09254,10407
1710190800,1.09254,1.09324,1.09213,1.09287,7965
1710205200,1.09287,1.09383,1.09269,1.0937,6595
1710219600,1.0937,1.09396,1.09213,1.09248,11194
1710234000,1.09248,1.09441,1.09031,1.09202,20547
1710248400,1.09202,1.0923,1.09023,1.09177,24329
1710262800,1.09177,1.09276,1.09128,1.09265,9198
1710277200,1.09265,1.09298,1.09258,1.0927,6041
1710291600,1.0927,1.09309,1.09221,1.09236,8331
1710306000,1.09236,1.0933,1.0921,1.09276,9399
1710320400,1.09276,1.09475,1.092,1.09367,11767
1710334800,1.09367,1.09495,1.09314,1.09491,16235
1710349200,1.09491,1.0964,1.09458,1.09481,9894
1710363600,1.09481,1.09548,1.0946,1.09488,5913
1710378000,1.09488,1.09529,1.0939,1.09426,5523
1710392400,1.09426,1.09442,1.09318,1.09378,10022
1710406800,1.09378,1.09455,1.09238,1.09301,15672
1710421200,1.09301,1.09313,1.0883,1.08872,23534
1710435600,1.08872,1.08919,1.08807,1.08835,8526
1710450000,1.08835,1.08866,1.0876,1.08779,8642
1710464400,1.08779,1.08802,1.0873,1.08766,6889
1710478800,1.08766,1.0887,1.08733,1.0883,9663
1710493200,1.0883,1.08998,1.08826,1.08874,12649
1710507600,1.08874,1.08949,1.08813,1.08858,19687
1710522000,1.08858,1.08915,1.08834,1.08882,8502
1710709200,1.08882,1.08924,1.08807,1.08854,4486
1710723600,1.08854,1.08919,1.08829,1.08876,5246
1710738000,1.08876,1.0898,1.08854,1.0894,7805
1710752400,1.0894,1.09062,1.08899,1.08922,10119
1710766800,1.08922,1.08936,1.08694,1.08725,13571
1710781200,1.08725,1.08753,1.0866,1.08726,6267
1710795600,1.08726,1.08752,1.08692,1.08695,5828
1710810000,1.08695,1.08766,1.08668,1.08708,12303
1710824400,1.08708,1.08723,1.08424,1.08476,13896
1710838800,1.08476,1.08562,1.08348,1.08518,14779
1710853200,1.08518,1.08655,1.08492,1.08634,15201
1710867600,1.08634,1.08676,1.08598,1.08661,7744
1710882000,1.08661,1.08676,1.08582,1.08644,7168
1710896400,1.08644,1.08712,1.08622,1.08668,4816
1710910800,1.08668,1.08722,1.08501,1.08522,8844
1710925200,1.08522,1.08524,1.08365,1.08424,11238
1710939600,1.08424,1.08613,1.08373,1.08608,10429
1710954000,1.08608,1.09229,1.08586,1.0922,34399
1710968400,1.0922,1.09376,1.09194,1.09336,9124
1710982800,1.09336,1.0939,1.09327,1.09332,8037
1710997200,1.09332,1.09427,1.08874,1.08919,14254
1711011600,1.08919,1.09238,1.08892,1.09116,17762
1711026000,1.09116,1.09118,1.08558,1.0861,24367
1711040400,1.0861,1.08664,1.08556,1.08598,8233
1711054800,1.08598,1.08682,1.08594,1.08652,5926
1711069200,1.08652,1.08658,1.08312,1.08332,9058
1711083600,1.08332,1.08422,1.08082,1.08118,12149
1711098000,1.08118,1.08312,1.08116,1.08265,14321
1711112400,1.08265,1.08317,1.08058,1.08059,13539
1711126800,1.08059,1.08107,1.08018,1.08077,5889
1711314000,1.08077,1.08108,1.08026,1.08035,3752
1711328400,1.08035,1.08223,1.08021,1.08133,9098
1711342800,1.08133,1.08238,1.08072,1.0814,8536
1711357200,1.0814,1.08341,1.08116,1.08307,8968
1711371600,1.08307,1.08426,1.08292,1.08366,10812
1711386000,1.08366,1.0841,1.08333,1.08375,5272
1711400400,1.08375,1.08429,1.08354,1.08427,7418
1711414800,1.08427,1.08459,1.08359,1.08403,5947
1711429200,1.08403,1.0853,1.08387,1.08495,8568
1711443600,1.08495,1.08644,1.08455,1.08521,13208
1711458000,1.08521,1.08586,1.08244,1.08284,14032
1711472400,1.08284,1.08358,1.08268,1.08312,6497
1711486800,1.08312,1.0834,1.08274,1.08294,4915
1711501200,1.08294,1.08309,1.08206,1.083,7153
1711515600,1.083,1.08339,1.08214,1.08289,8703
1711530000,1.08289,1.08392,1.08152,1.08189,12351
1711544400,1.08189,1.08258,1.08109,1.08231,13936
1711558800,1.08231,1.08292,1.08175,1.08278,7453
1711573200,1.08278,1.0828,1.08081,1.08176,6981
1711587600,1.08176,1.08261,1.0815,1.08238,6078
1711602000,1.08238,1.08268,1.07898,1.07921,9213
1711616400,1.07921,1.0809,1.0775,1.08082,12413
1711630800,1.08082,1.08189,1.0793,1.07993,17901
1711645200,1.07993,1.0802,1.07846,1.07876,7040
1711659600,1.07876,1.07949,1.07842,1.07844,18718
1711674000,1.07844,1.0785,1.0774,1.07768,8339
1711688400,1.07768,1.07824,1.07682,1.07788,8333
1711702800,1.07788,1.08058,1.0773,1.07986,12898
1711717200,1.07986,1.08039,1.07874,1.07886,12761
1711731600,1.07886,1.07987,1.07882,1.07932,10375
1711918800,1.07932,1.07989,1.07855,1.07914,7181
1711933200,1.07914,1.07948,1.07842,1.07868,6414
1711947600,1.07868,1.07923,1.07828,1.07899,5636
1711962000,1.07899,1.07909,1.07772,1.07819,6994
1711976400,1.07819,1.0783,1.07309,1.07366,16052
1711990800,1.07366,1.07442,1.07366,1.07431,5747
1712005200,1.07431,1.07449,1.0731,1.07373,5186
1712019600,1.07373,1.07384,1.07294,1.07333,5391
1712034000,1.07333,1.0743,1.07245,1.07316,11768
1712048400,1.07316,1.0756,1.07312,1.07491,12026
1712062800,1.07491,1.07793,1.0748,1.07682,16054
1712077200,1.07682,1.07698,1.07604,1.07696,4957
1712091600,1.07696,1.07742,1.0766,1.07688,4292
1712106000,1.07688,1.07794,1.07658,1.07747,5363
1712120400,1.07747,1.07775,1.07641,1.07718,8045
1712134800,1.07718,1.07864,1.07652,1.07783,11583
1712149200,1.07783,1.08363,1.0778,1.08307,21985
1712163600,1.08307,1.08369,1.08256,1.08361,7121
1712178000,1.08361,1.08436,1.08338,1.08431,4272
1712192400,1.08431,1.08448,1.08383,1.08427,4681
1712206800,1.08427,1.08627,1.0839,1.0862,10962
1712221200,1.0862,1.08704,1.08507,1.08697,10020
1712235600,1.08697,1.08766,1.08581,1.08589,10631
1712250000,1.08589,1.0862,1.08319,1.08374,13217
1712264400,1.08374,1.08441,1.0835,1.08416,9891
1712278800,1.08416,1.08431,1.08234,1.08264,7608
1712293200,1.08264,1.08464,1.08226,1.08376,9345
1712307600,1.08376,1.08479,1.08002,1.08094,15750
1712322000,1.08094,1.08445,1.07914,1.08358,21996
1712336400,1.08358,1.0839,1.08307,1.08376,8670
1712523600,1.08376,1.08386,1.08231,1.0827,5255
1712538000,1.0827,1.08434,1.08268,1.08322,8043
1712552400,1.08322,1.08379,1.08222,1.08236,12381
1712566800,1.08236,1.08356,1.08209,1.08342,9985
1712581200,1.08342,1.0859,1.08342,1.08502,14449
1712595600,1.08502,1.08621,1.08495,1.08592,5629
1712610000,1.08592,1.08638,1.08575,1.08587,6262
1712624400,1.08587,1.08624,1.0854,1.08566,5535
1712638800,1.08566,1.08627,1.0849,1.08576,8050
1712653200,1.08576,1.0884,1.08565,1.08806,10619
1712667600,1.08806,1.08851,1.08522,1.08546,15986
1712682000,1.08546,1.08592,1.08477,1.0857,6798
1712696400,1.0857,1.08598,1.08542,1.08572,7444
1712710800,1.08572,1.0859,1.08504,1.08526,6082
1712725200,1.08526,1.08607,1.08478,1.08606,9103
1712739600,1.08606,1.08665,1.07783,1.07808,18218
1712754000,1.07808,1.07812,1.07288,1.07362,25675
1712768400,1.07362,1.07543,1.07291,1.07427,18107
1712782800,1.07427,1.0746,1.07383,1.07426,6738
1712797200,1.07426,1.07489,1.07413,1.07461,6629
1712811600,1.07461,1.07499,1.07267,1.07406,12873
1712826000,1.07406,1.0747,1.0715,1.07416,22321
1712840400,1.07416,1.07566,1.06992,1.07177,25146
1712854800,1.07177,1.07347,1.07152,1.07262,9868
1712869200,1.07262,1.07294,1.07224,1.0726,3315
1712883600,1.0726,1.07284,1.07108,1.07112,6357
1712898000,1.07112,1.07142,1.06706,1.06711,14274
1712912400,1.06711,1.06749,1.06313,1.06384,16202
1712926800,1.06384,1.06512,1.06228,1.06417,22458
1712941200,1.06417,1.06506,1.06373,1.06417,9669
1713128400,1.06417,1.06518,1.06338,1.06458,9103
1713142800,1.06458,1.0655,1.06392,1.06526,8510
1713157200,1.06526,1.0665,1.065,1.06564,13473
1713171600,1.06564,1.06653,1.0631,1.06473,15335
1713186000,1.06473,1.06609,1.06218,1.06362,21585
1713200400,1.06362,1.06396,1.06203,1.06248,10706
1713214800,1.06248,1.06284,1.0618,1.06184,5101
1713229200,1.06184,1.06193,1.06061,1.0614,8746
1713243600,1.0614,1.06248,1.06024,1.06163,15014
1713258000,1.06163,1.06539,1.06162,1.06389,15719
1713272400,1.06389,1.0645,1.06189,1.0625,23830
1713286800,1.0625,1.06349,1.06011,1.06186,20936
1713301200,1.06186,1.06252,1.06128,1.06223,7025
1713315600,1.06223,1.06356,1.06203,1.0625,7094
1713330000,1.0625,1.06489,1.06061,1.06405,16345
1713344400,1.06405,1.06492,1.06316,1.06348,13063
1713358800,1.06348,1.06565,1.06301,1.06499,21094
1713373200,1.06499,1.06797,1.0648,1.06728,14041
1713387600,1.06728,1.06756,1.06642,1.06699,4880
1713402000,1.06699,1.06804,1.06644,1.06784,7933
1713416400,1.06784,1.06901,1.06748,1.06786,11453
1713430800,1.06786,1.06814,1.06597,1.06628,12918
1713445200,1.06628,1.06685,1.06464,1.06533,20156
1713459600,1.06533,1.0655,1.06415,1.06439,9898
1713474000,1.06439,1.06454,1.0636,1.06387,6011
1713488400,1.06387,1.06432,1.06104,1.06348,26780
1713502800,1.06348,1.06594,1.06271,1.06456,20309
1713517200,1.06456,1.06739,1.06432,1.06654,15009
1713531600,1.06654,1.06776,1.06404,1.06536,20114
1713546000,1.06536,1.06585,1.06466,1.06564,10835
1713733200,1.06564,1.06652,1.06527,1.06534,5669
1713747600,1.06534,1.06708,1.06532,1.06654,7455
1713762000,1.06654,1.06694,1.06474,1.06568,11762
1713776400,1.06568,1.0662,1.06308,1.06398,11361
1713790800,1.06398,1.06511,1.0624,1.06489,13030
1713805200,1.06489,1.06608,1.06482,1.06538,6545
1713819600,1.06538,1.06594,1.06512,1.06587,3367
1713834000,1.06587,1.06607,1.06536,1.06552,6249
1713848400,1.06552,1.06954,1.06386,1.06706,14899
1713862800,1.06706,1.0678,1.06532,1.06722,12321
1713877200,1.06722,1.07114,1.06601,1.07001,22371
1713891600,1.07001,1.07078,1.06994,1.07024,6211
1713906000,1.07024,1.07108,1.06996,1.07097,3338
1713920400,1.07097,1.07144,1.07043,1.07052,6697
1713934800,1.07052,1.07057,1.06807,1.06834,9807
1713949200,1.06834,1.0693,1.0678,1.06868,11444
1713963600,1.06868,1.07026,1.0681,1.06906,15589
1713978000,1.06906,1.07067,1.0687,1.06992,8169
1713992400,1.06992,1.07046,1.06943,1.07034,3580
1714006800,1.07034,1.071,1.0697,1.07092,5051
1714021200,1.07092,1.0729,1.07078,1.07258,10164
1714035600,1.07258,1.07402,1.06855,1.06922,14583
1714050000,1.06922,1.07352,1.06784,1.07312,22957
1714064400,1.07312,1.07388,1.0723,1.073,9478
1714078800,1.073,1.07308,1.07228,1.07275,2872
1714093200,1.07275,1.07293,1.07185,1.07224,6086
1714107600,1.07224,1.0753,1.07215,1.07409,14201
1714122000,1.07409,1.07434,1.07102,1.07165,17199
1714136400,1.07165,1.07238,1.0674,1.06946,19963
1714150800,1.06946,1.07072,1.0691,1.06932,5931
1714338000,1.06932,1.07112,1.06932,1.071,4498
1714352400,1.071,1.07336,1.07076,1.07288,15206
1714366800,1.07288,1.07338,1.07012,1.07048,24165
1714381200,1.07048,1.07272,1.06974,1.07034,12462
1714395600,1.07034,1.07292,1.06902,1.0726,15851
1714410000,1.0726,1.07297,1.0715,1.072,9397
1714424400,1.072,1.07228,1.07103,1.07151,4193
1714438800,1.07151,1.0718,1.07024,1.07058,6013
1714453200,1.07058,1.07124,1.06899,1.07112,11729
1714467600,1.07112,1.07355,1.06896,1.07004,17178
1714482000,1.07004,1.07196,1.0676,1.0679,23239
1714496400,1.0679,1.06831,1.06648,1.06661,7660
1714510800,1.06661,1.06735,1.0658,1.06617,4229
1714525200,1.06617,1.06634,1.0655,1.06558,3636
1714539600,1.06558,1.06706,1.06494,1.06695,6683
1714554000,1.06695,1.0685,1.06667,1.06844,9482
1714568400,1.06844,1.06922,1.06706,1.06716,13478
1714582800,1.06716,1.07328,1.0671,1.07132,38291
1714597200,1.07132,1.07213,1.07078,1.07118,7662
1714611600,1.07118,1.07209,1.0707,1.07177,7205
1714626000,1.07177,1.07284,1.07,1.07042,15372
1714640400,1.07042,1.07123,1.06935,1.07011,13541
1714654800,1.07011,1.07216,1.06742,1.07166,20473
1714669200,1.07166,1.07302,1.0714,1.07252,8892
1714683600,1.07252,1.07319,1.07244,1.07315,4727
1714698000,1.07315,1.07398,1.07309,1.07323,6590
1714712400,1.07323,1.07443,1.07244,1.07426,11544
1714726800,1.07426,1.08126,1.07389,1.07937,18022
1714741200,1.07937,1.07986,1.07516,1.07636,32206
1714755600,1.07636,1.07695,1.0759,1.0763,6250
1714942800,1.0763,1.07691,1.07552,1.07675,3763
1714957200,1.07675,1.07716,1.07622,1.0763,6526
1714971600,1.0763,1.07762,1.07576,1.07684,9709
1714986000,1.07684,1.07909,1.07661,1.07874,9420
1715000400,1.07874,1.0789,1.07712,1.07744,9192
1715014800,1.07744,1.07766,1.07664,1.07702,4781
1715029200,1.07702,1.07764,1.07662,1.07752,3477
1715043600,1.07752,1.0777,1.07607,1.07659,6641
1715058000,1.07659,1.07698,1.07543,1.0764,9982
1715072400,1.0764,1.07793,1.07553,1.07756,9857
1715086800,1.07756,1.07874,1.07661,1.07704,11581
1715101200,1.07704,1.07706,1.0748,1.07548,7002
1715115600,1.07548,1.07568,1.07468,1.07481,3295
1715130000,1.07481,1.07488,1.0738,1.07414,5970
1715144400,1.07414,1.07492,1.0735,1.07443,8973
1715158800,1.07443,1.07541,1.07397,1.07489,8992
1715173200,1.07489,1.07576,1.07444,1.07458,10381
1715187600,1.07458,1.07486,1.0741,1.07485,3797
1715202000,1.07485,1.07506,1.07424,1.07432,3047
1715216400,1.07432,1.07516,1.07423,1.07453,4809
1715230800,1.07453,1.07466,1.07262,1.07282,7520
1715245200,1.07282,1.07625,1.0724,1.07593,13305
1715259600,1.07593,1.07817,1.07506,1.0776,12564
1715274000,1.0776,1.07847,1.07738,1.07818,5279
1715288400,1.07818,1.0786,1.07766,1.07792,2862
1715302800,1.07792,1.07827,1.07732,1.07741,5139
1715317200,1.07741,1.07868,1.07716,1.07807,10460
1715331600,1.07807,1.07862,1.07663,1.07702,10070
1715346000,1.07702,1.07902,1.07604,1.07759,13702
1715360400,1.07759,1.07776,1.07686,1.07708,4085
1715547600,1.07708,1.07754,1.0768,1.07694,4158
1715562000,1.07694,1.07733,1.07658,1.07697,6257
1715576400,1.07697,1.07846,1.07689,1.07838,9055
1715590800,1.07838,1.08,1.07774,1.07982,8798
1715605200,1.07982,1.0807,1.07894,1.07935,11283
1715619600,1.07935,1.07942,1.07868,1.07899,4446
1715634000,1.07899,1.07938,1.07854,1.07876,2593
1715648400,1.07876,1.07898,1.07844,1.07854,4529
1715662800,1.07854,1.07895,1.07754,1.07838,7686
1715677200,1.07838,1.08108,1.07672,1.08032,14590
1715691600,1.08032,1.08257,1.08007,1.08169,15551
1715706000,1.08169,1.08232,1.08158,1.08198,3990
1715720400,1.08198,1.08218,1.0813,1.08172,3544
1715734800,1.08172,1.08278,1.08166,1.08216,4142
1715749200,1.08216,1.08348,1.08214,1.083,8225
1715763600,1.083,1.08695,1.0822,1.08612,16630
1715778000,1.08612,1.08746,1.08316,1.08721,19349
1715792400,1.08721,1.08862,1.08716,1.08838,4942
1715806800,1.08838,1.08951,1.08794,1.08938,4712
1715821200,1.08938,1.08939,1.08814,1.08848,7501
1715835600,1.08848,1.08852,1.08662,1.08733,9463
1715850000,1.08733,1.0875,1.08608,1.08633,10638
1715864400,1.08633,1.08759,1.08545,1.08735,13611
1715878800,1.08735,1.08756,1.08648,1.08672,4631
1715893200,1.08672,1.08692,1.08599,1.08629,3431
1715907600,1.08629,1.08637,1.08543,1.08562,5492
1715922000,1.08562,1.08685,1.08416,1.08444,8506
1715936400,1.08444,1.08468,1.08358,1.0843,7825
1715950800,1.0843,1.08786,1.0843,1.08687,12529
1715965200,1.08687,1.08768,1.08682,1.08697,5012
1716152400,1.08697,1.08772,1.08646,1.08752,3166
1716166800,1.08752,1.08824,1.08716,1.08809,5182
1716181200,1.08809,1.08846,1.08694,1.08746,8474
1716195600,1.08746,1.08752,1.08543,1.08576,9439
1716210000,1.08576,1.087,1.08574,1.0866,10236
1716224400,1.0866,1.08707,1.08566,1.08568,5038
1716238800,1.08568,1.0862,1.08563,1.08614,2625
1716253200,1.08614,1.08614,1.08509,1.08589,5965
1716267600,1.08589,1.08696,1.08566,1.08668,8386
1716282000,1.08668,1.08748,1.08548,1.08572,9376
1716296400,1.08572,1.08619,1.08427,1.0854,16581
1716310800,1.0854,1.08566,1.08464,1.0854,4967
1716325200,1.0854,1.086,1.08538,1.08576,2792
1716339600,1.08576,1.08636,1.08528,1.08536,5426
1716354000,1.08536,1.08636,1.08463,1.08487,8975
1716368400,1.08487,1.08499,1.0822,1.0832,10829
1716382800,1.0832,1.08444,1.08318,1.08424,11583
1716397200,1.08424,1.08471,1.08175,1.08223,10266
1716411600,1.08223,1.08289,1.08222,1.08254,3304
1716426000,1.08254,1.08326,1.0822,1.08268,5860
1716440400,1.08268,1.08451,1.08124,1.08387,12672
1716454800,1.08387,1.08545,1.08336,1.08528,11049
1716469200,1.08528,1.0861,1.0818,1.08183,22244
1716483600,1.08183,1.08202,1.08048,1.08156,8361
1716498000,1.08156,1.08158,1.08075,1.08102,3881
1716512400,1.08102,1.08139,1.08056,1.08092,6072
1716526800,1.08092,1.08284,1.08076,1.08247,8047
1716541200,1.08247,1.08538,1.08237,1.08513,10105
1716555600,1.08513,1.08579,1.0842,1.08472,11993
1716570000,1.08472,1.08533,1.08458,1.08468,4055
1716757200,1.08468,1.08516,1.08447,1.08486,2781
1716771600,1.08486,1.08522,1.08474,1.08486,3132
1716786000,1.08486,1.08536,1.08442,1.08495,5637
1716800400,1.08495,1.08675,1.08406,1.08491,8852
1716814800,1.08491,1.0862,1.08444,1.08598,6138
1716829200,1.08598,1.08608,1.0857,1.08582,845
1716843600,1.08582,1.08685,1.08549,1.0865,6880
1716858000,1.0865,1.08803,1.08642,1.0876,6040
1716872400,1.0876,1.088,1.08671,1.08702,8419
1716886800,1.08702,1.08891,1.08674,1.08765,9345
1716901200,1.08765,1.08803,1.0858,1.08748,13085
1716915600,1.08748,1.08759,1.08552,1.08567,7845
1716930000,1.08567,1.08608,1.08478,1.08512,4366
1716944400,1.08512,1.0857,1.0844,1.08478,5568
1716958800,1.08478,1.0859,1.08294,1.08372,11861
1716973200,1.08372,1.08586,1.08356,1.08464,11744
1716987600,1.08464,1.0847,1.08075,1.08155,16086
1717002000,1.08155,1.08159,1.08,1.0801,7267
1717016400,1.0801,1.08075,1.07954,1.07965,4206
1717030800,1.07965,1.08046,1.07921,1.0796,7140
1717045200,1.0796,1.08187,1.07882,1.0815,11586
1717059600,1.0815,1.0833,1.08084,1.08292,12331
1717074000,1.08292,1.08452,1.08255,1.084,14701
1717088400,1.084,1.08434,1.08268,1.08322,6003
1717102800,1.08322,1.08347,1.08294,1.08322,3705
1717117200,1.08322,1.08337,1.08114,1.08184,6841
1717131600,1.08184,1.08388,1.08146,1.08344,10597
1717146000,1.08344,1.08825,1.08344,1.08803,14499
1717160400,1.08803,1.08808,1.08398,1.08474,20791
1717174800,1.08474,1.08526,1.08406,1.08486,8033
1717362000,1.08486,1.08576,1.08468,1.08565,4243
1717376400,1.08565,1.08587,1.08492,1.08518,5158
1717390800,1.08518,1.08587,1.08336,1.084,11227
1717405200,1.084,1.08499,1.08278,1.08444,10693
1717419600,1.08444,1.08906,1.08444,1.0885,20002
1717434000,1.0885,1.09048,1.08814,1.09043,7775
1717448400,1.09043,1.0916,1.09017,1.09128,3937
1717462800,1.09128,1.09138,1.09051,1.09094,5490
1717477200,1.09094,1.09109,1.0874,1.0881,13367
1717491600,1.0881,1.0882,1.0859,1.08648,15464
1717506000,1.08648,1.08837,1.0862,1.08804,19429
1717520400,1.08804,1.08878,1.08782,1.08792,8897
1717534800,1.08792,1.08863,1.08784,1.08843,3500
1717549200,1.08843,1.08862,1.08766,1.08807,5537
1717563600,1.08807,1.08824,1.08701,1.08759,9500
1717578000,1.08759,1.08844,1.08598,1.08841,11241
1717592400,1.08841,1.08916,1.08545,1.08644,21229
1717606800,1.08644,1.08775,1.08606,1.08693,6254
1717621200,1.08693,1.08824,1.08687,1.0882,3617
1717635600,1.0882,1.08959,1.0882,1.08873,6371
1717650000,1.08873,1.08884,1.08712,1.08773,9697
1717664400,1.08773,1.09021,1.0862,1.08817,13598
1717678800,1.08817,1.08914,1.08718,1.0882,17681
1717693200,1.0882,1.08943,1.0881,1.08898,5628
1717707600,1.08898,1.08934,1.08868,1.08895,3680
1717722000,1.08895,1.0898,1.08872,1.08953,6395
1717736400,1.08953,1.08986,1.08832,1.0889,11135
1717750800,1.0889,1.09023,1.08242,1.08332,18778
1717765200,1.08332,1.08359,1.08033,1.08052,21210
1717779600,1.08052,1.08072,1.07993,1.08017,7969
1717966800,1.08017,1.08017,1.07652,1.0778,6843
1717981200,1.0778,1.07801,1.0748,1.07542,5309
1717995600,1.07542,1.07682,1.0748,1.07567,14034
1718010000,1.07567,1.07606,1.07328,1.07415,11114
1718024400,1.07415,1.07589,1.07332,1.07542,13816
1718038800,1.07542,1.07667,1.07504,1.07658,7468
1718053200,1.07658,1.07682,1.07588,1.07638,4108
1718067600,1.07638,1.07706,1.07624,1.07684,4977
1718082000,1.07684,1.07736,1.07436,1.07454,10231
1718096400,1.07454,1.07566,1.07238,1.07323,15446
1718110800,1.07323,1.0739,1.07196,1.07375,13828
1718125200,1.07375,1.07495,1.07368,1.07406,6394
1718139600,1.07406,1.07434,1.07348,1.07362,3579
1718154000,1.07362,1.07432,1.07346,1.07368,5574
1718168400,1.07368,1.0754,1.07356,1.07466,8306
1718182800,1.07466,1.08301,1.0744,1.08266,16639
1718197200,1.08266,1.08524,1.08176,1.08441,21165
1718211600,1.08441,1.08459,1.08036,1.08092,32412
1718226000,1.08092,1.08156,1.08073,1.0813,4261
1718240400,1.0813,1.08159,1.08032,1.0804,6120
1718254800,1.0804,1.08165,1.08004,1.08063,11316
1718269200,1.08063,1.08163,1.07806,1.0794,15347
1718283600,1.0794,1.08078,1.07329,1.07353,20276
1718298000,1.07353,1.07441,1.07352,1.07384,7000
1718312400,1.07384,1.0741,1.07352,1.07364,3745
1718326800,1.07364,1.0745,1.0735,1.07366,6630
1718341200,1.07366,1.07373,1.06897,1.0692,16869
1718355600,1.0692,1.0706,1.06718,1.06892,22432
1718370000,1.06892,1.07019,1.06676,1.07004,19435
1718384400,1.07004,1.07076,1.06946,1.07028,7205
1718571600,1.07028,1.07094,1.07006,1.0704,4290
1718586000,1.0704,1.07055,1.0699,1.07042,6114
1718600400,1.07042,1.07123,1.06864,1.07072,15896
1718614800,1.07074,1.0718,1.0702,1.07139,12920
1718629200,1.0714,1.07278,1.07114,1.07252,13055
1718643600,1.0725,1.07378,1.07234,1.07338,6155
1718658000,1.07334,1.07411,1.07314,1.0736,3765
1718672400,1.07361,1.0737,1.07204,1.07215,5855
1718686800,1.07214,1.07354,1.0715,1.07194,12259
1718701200,1.07194,1.07342,1.07101,1.07313,13974
1718715600,1.07312,1.07614,1.07301,1.07394,15435
1718730000,1.07394,1.07435,1.07322,1.07392,7889
1718744400,1.07402,1.07413,1.07367,1.07375,2304
1718758800,1.07374,1.07424,1.07352,1.07359,4449
1718773200,1.07358,1.07419,1.07248,1.07404,13707
1718787600,1.07404,1.07535,1.07326,1.0746,11455
1718802000,1.07464,1.0751,1.0741,1.07471,5438
1718816400,1.07472,1.07474,1.07425,1.07436,1257
1718830800,1.0744,1.07488,1.07437,1.07462,2830
1718845200,1.07463,1.07481,1.0739,1.07428,5238
1718859600,1.07426,1.07436,1.07126,1.07169,10336
1718874000,1.07172,1.07322,1.0713,1.07193,14452
1718888400,1.07192,1.07306,1.07034,1.07072,14604
1718902800,1.07074,1.0718,1.0702,1.07026,7704
1718917200,1.07023,1.07076,1.07014,1.07067,3278
1718931600,1.07068,1.07187,1.0705,1.07186,5569
1718946000,1.07184,1.07207,1.0671,1.0691,15090
1718960400,1.06909,1.06983,1.06766,1.06948,14008
1718974800,1.06949,1.06978,1.0678,1.06922,15736
1718989200,1.06922,1.0697,1.06907,1.06927,6268
1719176400,1.06891,1.06956,1.0685,1.06919,4185
1719190800,1.06918,1.06947,1.06836,1.06947,7989
1719205200,1.06948,1.0718,1.06946,1.07136,10800
1719219600,1.07134,1.0736,1.07132,1.07346,14609
1719234000,1.07347,1.07465,1.07234,1.07279,12515
1719248400,1.07278,1.07384,1.0722,1.07338,6082
1719262800,1.07324,1.07358,1.07308,1.07341,3311
1719277200,1.0734,1.07402,1.07323,1.07396,5918
1719291600,1.07397,1.07444,1.0721,1.07344,10865
1719306000,1.0734,1.07353,1.07022,1.07051,11833
1719320400,1.07052,1.07132,1.06906,1.07047,14352
1719334800,1.07049,1.07177,1.07044,1.07143,5308
1719349200,1.0712,1.07154,1.07062,1.07115,3472
1719363600,1.07113,1.0718,1.07074,1.07106,6762
1719378000,1.07104,1.07114,1.06854,1.06949,11868
1719392400,1.06948,1.06996,1.0677,1.06772,13725
1719406800,1.06771,1.06959,1.0666,1.06821,18402
1719421200,1.06822,1.06909,1.0675,1.06801,6821
1719435600,1.06814,1.06822,1.0677,1.06783,4352
1719450000,1.06784,1.06948,1.06778,1.06944,5310
1719464400,1.06943,1.0699,1.06804,1.06882,11617
1719478800,1.06881,1.07222,1.06874,1.07194,15649
1719493200,1.07194,1.07264,1.07003,1.07068,15607
1719507600,1.07068,1.07085,1.07014,1.07038,6608
1719522000,1.07056,1.07109,1.06976,1.06977,3878
1719536400,1.06976,1.0699,1.06855,1.06868,8102
1719550800,1.06868,1.0704,1.06861,1.06978,12000
1719565200,1.06977,1.07201,1.06921,1.07047,16712
1719579600,1.07048,1.07223,1.06926,1.0716,25648
1719594000,1.0716,1.07248,1.0706,1.07131,8894
1719781200,1.0744,1.07498,1.07326,1.07458,6223
1719795600,1.07458,1.07616,1.07429,1.07549,8337
1719810000,1.07545,1.07766,1.07496,1.07684,14910
1719824400,1.07682,1.07686,1.07398,1.07482,12283
1719838800,1.07484,1.077,1.07196,1.07315,20123
1719853200,1.07316,1.07427,1.07242,1.07401,7348
1719867600,1.0738,1.07412,1.07327,1.07347,3719
1719882000,1.07348,1.07365,1.07282,1.07296,5157
1719896400,1.07296,1.07359,1.0712,1.07207,11925
1719910800,1.07207,1.07337,1.071,1.07318,12654
1719925200,1.07317,1.0747,1.07242,1.07321,21242
1719939600,1.07322,1.07472,1.07317,1.07454,5458
1719954000,1.07455,1.07545,1.07442,1.0748,3506
1719968400,1.0748,1.0748,1.07404,1.07424,4340
1719982800,1.07424,1.07636,1.07364,1.07583,10741
1719997200,1.07581,1.07785,1.07526,1.07746,12174
1720011600,1.07745,1.08168,1.0772,1.07958,21817
1720026000,1.07958,1.07959,1.07782,1.07876,5165
1720040400,1.07856,1.07938,1.07838,1.07926,2822
1720054800,1.07928,1.07951,1.07837,1.07866,5042
1720069200,1.07866,1.08032,1.0785,1.0802,11312
1720083600,1.0802,1.08032,1.0794,1.07972,9253
1720098000,1.07971,1.08139,1.07948,1.08122,6649
1720112400,1.08123,1.08138,1.08108,1.08119,1124
1720126800,1.08124,1.0818,1.08094,1.08148,3684
1720141200,1.08148,1.08245,1.08138,1.0822,5395
1720155600,1.08221,1.08306,1.08165,1.08281,9756
1720170000,1.0828,1.08423,1.08,1.08296,17836
1720184400,1.08297,1.08342,1.08108,1.08256,22663
1720198800,1.08257,1.08426,1.08249,1.08384,5990
1720386000,1.08062,1.08332,1.08044,1.08216,6291
1720400400,1.08212,1.08364,1.08202,1.08288,6771
1720414800,1.08286,1.0843,1.08146,1.08384,15501
1720429200,1.08384,1.08446,1.08236,1.08438,13599
1720443600,1.08442,1.0845,1.08285,1.08324,14278
1720458000,1.08324,1.08336,1.08223,1.08242,5304
1720472400,1.08249,1.08334,1.08243,1.0827,2789
1720486800,1.0827,1.08313,1.08193,1.08296,5699
1720501200,1.08296,1.08308,1.08152,1.08225,10372
1720515600,1.08224,1.08286,1.08122,1.08157,12152
1720530000,1.08159,1.08284,1.08054,1.08101,21417
1720544400,1.081,1.08166,1.08066,1.08137,7345
1720558800,1.08144,1.08168,1.08112,1.0812,3653
1720573200,1.0812,1.08213,1.08109,1.08187,6008
1720587600,1.08186,1.0825,1.08119,1.08153,10547
1720602000,1.08152,1.08282,1.08136,1.08271,11256
1720616400,1.0827,1.08289,1.082,1.0827,15370
1720630800,1.0827,1.08308,1.08174,1.08302,6995
1720645200,1.083,1.08368,1.0828,1.08352,3519
1720659600,1.08349,1.08401,1.08325,1.08364,7870
1720674000,1.08364,1.08478,1.08324,1.08474,12040
1720688400,1.08473,1.09,1.08432,1.08869,23617
1720702800,1.0887,1.08992,1.0864,1.08669,36492
1720717200,1.0867,1.087,1.08598,1.08679,12434
1720731600,1.08668,1.08746,1.08642,1.08698,11649
1720746000,1.08696,1.08722,1.08634,1.08698,9493
1720760400,1.08698,1.08872,1.08617,1.08868,14263
1720774800,1.0887,1.0893,1.08735,1.08904,20845
1720789200,1.08906,1.09109,1.0887,1.09047,27065
1720803600,1.09048,1.09114,1.0901,1.0907,8302
1720990800,1.08854,1.08956,1.08834,1.08884,8053
1721005200,1.08884,1.08958,1.0886,1.08937,7493
1721019600,1.08936,1.09094,1.08838,1.09084,14703
1721034000,1.09084,1.09204,1.09021,1.09074,17671
1721048400,1.09074,1.09224,1.09,1.09063,20727
1721062800,1.09062,1.09063,1.08933,1.08948,15778
1721077200,1.08952,1.08988,1.08909,1.08913,5308
1721091600,1.08914,1.08946,1.08887,1.08924,8422
1721106000,1.08924,1.09028,1.08835,1.09004,14348
1721120400,1.09004,1.09056,1.08756,1.08807,19613
1721134800,1.08809,1.08892,1.08716,1.08889,22244
1721149200,1.08889,1.0903,1.08877,1.08986,10681
1721163600,1.08996,1.0903,1.0896,1.08976,5268
1721178000,1.08976,1.09068,1.08956,1.0903,8436
1721192400,1.0903,1.09439,1.08952,1.0942,21444
1721206800,1.09421,1.0945,1.0929,1.09426,21786
1721221200,1.09423,1.09482,1.09238,1.09297,24822
1721235600,1.09296,1.09402,1.09282,1.09396,11714
1721250000,1.09393,1.0941,1.09367,1.0937,5833
1721264400,1.0937,1.09392,1.09316,1.09336,10725
1721278800,1.09336,1.09389,1.09262,1.09308,17104
1721293200,1.09307,1.0937,1.09238,1.09285,15327
1721307600,1.09284,1.09291,1.0905,1.0916,26196
1721322000,1.0916,1.09165,1.08936,1.08964,16062
1721336400,1.08993,1.09018,1.08908,1.08922,6932
1721350800,1.08924,1.08948,1.08862,1.08871,9851
1721365200,1.08874,1.08906,1.08762,1.08792,19636
1721379600,1.0879,1.08942,1.08774,1.0889,16097
1721394000,1.0889,1.08912,1.08794,1.0885,22160
1721408400,1.0885,1.08855,1.08758,1.08821,10659
1721595600,1.08847,1.0903,1.08838,1.0894,6898
1721610000,1.0894,1.08953,1.08846,1.08876,10894
1721624400,1.08875,1.08926,1.08789,1.08881,18246
1721638800,1.08882,1.08954,1.08751,1.0878,15329
1721653200,1.08781,1.08868,1.08732,1.08864,19676
1721667600,1.08866,1.08918,1.08858,1.08908,9566
1721682000,1.08903,1.08926,1.0887,1.08898,5180
1721696400,1.08896,1.08968,1.08874,1.08908,8768
1721710800,1.08909,1.08913,1.0868,1.08778,15298
1721725200,1.08779,1.08784,1.08548,1.08561,16143
1721739600,1.0856,1.0858,1.08439,1.08535,18655
1721754000,1.08534,1.08566,1.08492,1.08535,10273
1721768400,1.08538,1.0855,1.08457,1.08468,4876
1721782800,1.08469,1.08503,1.08417,1.08469,11032
1721797200,1.08471,1.0854,1.08256,1.08351,20085
1721811600,1.08352,1.08594,1.08324,1.08583,17400
1721826000,1.08583,1.08666,1.08475,1.0851,24982
1721840400,1.08512,1.0855,1.0836,1.084,11813
1721854800,1.08412,1.08422,1.08349,1.08396,6356
1721869200,1.08396,1.0844,1.08363,1.084,11653
1721883600,1.08402,1.08578,1.08284,1.08462,22065
1721898000,1.0846,1.0859,1.08364,1.08498,24688
1721912400,1.08498,1.08648,1.08303,1.0862,30176
1721926800,1.08621,1.087,1.08436,1.08452,14593
1721941200,1.0846,1.08556,1.08437,1.0854,6113
1721955600,1.0854,1.08606,1.0852,1.08584,10436
1721970000,1.08586,1.08607,1.08422,1.08516,15170
1721984400,1.08514,1.08656,1.08488,1.08608,16614
1721998800,1.08607,1.08682,1.08515,1.08654,22015
1722013200,1.08652,1.08654,1.08552,1.08558,10052
1722200400,1.08592,1.08666,1.0851,1.08634,7308
1722214800,1.08636,1.087,1.08583,1.08591,11150
1722229200,1.08591,1.08631,1.08316,1.08322,17422
1722243600,1.08322,1.08421,1.08151,1.08162,15335
1722258000,1.08162,1.08239,1.08028,1.08215,17355
1722272400,1.08216,1.0826,1.08194,1.08212,11031
1722286800,1.08227,1.08242,1.08154,1.08172,5128
1722301200,1.08172,1.08252,1.08144,1.08242,8464
1722315600,1.08238,1.08347,1.08162,1.08288,15360
1722330000,1.08288,1.08358,1.08018,1.0802,14702
1722344400,1.08018,1.08166,1.07982,1.08138,26275
1722358800,1.08139,1.08176,1.08084,1.0815,14105
1722373200,1.08148,1.08202,1.08124,1.082,8153
1722387600,1.08201,1.08304,1.08166,1.08256,16136
1722402000,1.08257,1.08276,1.08066,1.08231,24346
1722416400,1.0823,1.08482,1.0822,1.08411,17631
1722430800,1.08413,1.08496,1.08043,1.08093,25999
1722445200,1.08094,1.08329,1.08019,1.08264,24487
1722459600,1.08248,1.0831,1.08218,1.08277,7990
1722474000,1.08276,1.08354,1.08243,1.08268,15485
1722488400,1.0827,1.08298,1.07814,1.07845,20084
1722502800,1.07844,1.08086,1.07774,1.07965,21375
1722517200,1.07964,1.08185,1.07804,1.07862,31990
1722531600,1.07863,1.07956,1.07827,1.07916,20159
1722546000,1.07919,1.07935,1.07818,1.0791,10146
1722560400,1.0791,1.07988,1.07846,1.07976,13706
1722574800,1.07977,1.08152,1.07863,1.08146,25521
1722589200,1.08148,1.08971,1.08147,1.08911,29855
1722603600,1.08908,1.09267,1.08844,1.09121,44453
1722618000,1.09122,1.09167,1.09072,1.09111,18764
1722805200,1.09213,1.0924,1.0903,1.09168,17283
1722819600,1.09167,1.09399,1.0912,1.09326,28226
1722834000,1.09326,1.09752,1.08926,1.09512,59212
1722848400,1.0951,1.10089,1.09329,1.09912,41567
1722862800,1.09912,1.10034,1.09477,1.096,63145
1722877200,1.09598,1.09645,1.09473,1.09514,26961
1722891600,1.09492,1.09631,1.0944,1.09628,16783
1722906000,1.09629,1.0963,1.09497,1.0952,23104
1722920400,1.09518,1.09549,1.09185,1.09279,37092
1722934800,1.09276,1.09278,1.09038,1.09053,30799
1722949200,1.09054,1.09348,1.09054,1.09279,36254
1722963600,1.09278,1.09338,1.09226,1.09314,20946
1722978000,1.09279,1.0932,1.09232,1.09297,11535
1722992400,1.09296,1.09305,1.0911,1.09117,19023
1723006800,1.09115,1.0928,1.09054,1.09188,24615
1723021200,1.09187,1.09266,1.09085,1.0922,22798
1723035600,1.09219,1.09366,1.09126,1.09222,24097
1723050000,1.09221,1.09272,1.09175,1.09236,21293
1723064400,1.09213,1.0934,1.09206,1.09282,8495
1723078800,1.09281,1.09378,1.09236,1.09316,17093
1723093200,1.09319,1.09452,1.09299,1.0937,24352
1723107600,1.0937,1.09397,1.08917,1.08976,24720
1723122000,1.08978,1.09148,1.08814,1.09088,31691
1723136400,1.09088,1.09192,1.09074,1.09188,14378
1723150800,1.09172,1.09196,1.09116,1.0913,8944
1723165200,1.09129,1.09246,1.09118,1.09201,13125
1723179600,1.092,1.09292,1.0913,1.09177,18832
1723194000,1.09176,1.09259,1.0909,1.09118,18312
1723208400,1.09118,1.09314,1.09098,1.09187,21228
1723222800,1.09188,1.09236,1.09146,1.09156,11914
1723410000,1.09171,1.09198,1.09102,1.09184,5621
1723424400,1.09185,1.0923,1.09127,1.0919,9059
1723438800,1.09191,1.09286,1.09158,1.09208,14378
1723453200,1.09214,1.093,1.09176,1.092,13878
1723467600,1.09202,1.09394,1.09152,1.09228,21034
1723482000,1.09229,1.0935,1.09222,1.09322,12102
1723496400,1.09308,1.09366,1.09294,1.093,6102
1723510800,1.09299,1.09394,1.09293,1.09392,8764
1723525200,1.09394,1.09412,1.09206,1.09234,14027
1723539600,1.09235,1.09467,1.09138,1.09409,18347
1723554000,1.0941,1.0974,1.09381,1.09722,24864
1723568400,1.09725,1.09997,1.09698,1.09928,13944
1723582800,1.09898,1.09984,1.0983,1.0992,5715
1723597200,1.09919,1.09966,1.09886,1.09928,11026
1723611600,1.09932,1.10201,1.09864,1.10194,15687
1723626000,1.10193,1.10359,1.1004,1.10169,20272
1723640400,1.10167,1.10474,1.10155,1.10184,23649
1723654800,1.10184,1.10186,1.10109,1.10124,10566
1723669200,1.10129,1.10158,1.10092,1.10098,4965
1723683600,1.10096,1.10122,1.10032,1.10118,9782
1723698000,1.10117,1.10156,1.10052,1.10062,13064
1723712400,1.10059,1.10143,1.09518,1.09566,17437
1723726800,1.09566,1.09896,1.09496,1.0978,24629
1723741200,1.0978,1.098,1.09706,1.09716,11808
1723755600,1.09719,1.09772,1.09708,1.09758,5560
1723770000,1.09759,1.09827,1.09744,1.09822,8886
1723784400,1.09822,1.09898,1.09768,1.09809,13486
1723798800,1.09808,1.0995,1.09788,1.09938,15775
1723813200,1.09941,1.10046,1.09826,1.10037,19818
1723827600,1.10038,1.10298,1.10037,1.1028,9754
1724014800,1.10278,1.10361,1.10228,1.10303,6489
1724029200,1.10304,1.10419,1.10276,1.10398,9267
1724043600,1.10402,1.10506,1.10356,1.10372,18075
1724058000,1.10372,1.10444,1.1031,1.10389,15621
1724072400,1.1039,1.1074,1.10302,1.10735,21101
1724086800,1.10733,1.10866,1.10704,1.10854,10295
1724101200,1.10827,1.10875,1.108,1.1082,7081
1724115600,1.1082,1.10872,1.10749,1.1077,11593
1724130000,1.10768,1.10889,1.10718,1.10797,17356
1724144400,1.10798,1.10987,1.1075,1.10983,16884
1724158800,1.10984,1.11192,1.10926,1.11149,26483
1724173200,1.1115,1.11304,1.1109,1.11297,13629
1724187600,1.11274,1.11327,1.11254,1.11278,6198
1724202000,1.11278,1.11282,1.11166,1.11192,8880
1724216400,1.1119,1.11289,1.11104,1.11186,15320
1724230800,1.11184,1.113,1.11102,1.11248,14734
1724245200,1.1125,1.11482,1.10991,1.11464,34801
1724259600,1.11463,1.11741,1.11455,1.115,15333
1724274000,1.11501,1.11583,1.11453,1.11476,6516
1724288400,1.11476,1.11492,1.11406,1.11434,8659
1724302800,1.11434,1.11651,1.11274,1.11426,18408
1724317200,1.11427,1.11462,1.11252,1.11401,18795
1724331600,1.11403,1.11414,1.10981,1.11105,26430
1724346000,1.11106,1.11134,1.10988,1.11114,12369
1724360400,1.11126,1.11224,1.11101,1.11198,6399
1724374800,1.11198,1.11287,1.11182,1.11278,10702
1724389200,1.11278,1.1132,1.11124,1.1123,16213
1724403600,1.11229,1.11273,1.1111,1.11142,16238
1724418000,1.1114,1.11962,1.11056,1.1174,37898
1724432400,1.11736,1.12009,1.11731,1.11927,14721
1724619600,1.11902,1.12017,1.11866,1.11939,9591
1724634000,1.11938,1.12004,1.11816,1.11834,11212
1724648400,1.11834,1.11894,1.11757,1.11805,17034
1724662800,1.11806,1.11828,1.11586,1.11613,19244
1724677200,1.11614,1.11789,1.11502,1.11712,25704
1724691600,1.11712,1.11754,1.11586,1.1161,12627
1724706000,1.11615,1.11671,1.11596,1.11611,5922
1724720400,1.1161,1.11707,1.11597,1.11684,8489
1724734800,1.11684,1.11741,1.11613,1.11667,15962
1724749200,1.11666,1.11788,1.115,1.11586,19361
1724763600,1.11584,1.11718,1.11526,1.11658,23025
1724778000,1.11658,1.11906,1.11645,1.11844,11150
1724792400,1.11832,1.11856,1.11746,1.11798,5508
1724806800,1.11799,1.11799,1.11583,1.11596,9219
1724821200,1.11594,1.11608,1.1135,1.11412,19453
1724835600,1.11413,1.11457,1.1105,1.1112,21035
1724850000,1.11118,1.11378,1.11102,1.11148,25606
1724864400,1.11148,1.11202,1.11054,1.11202,12905
1724878800,1.11202,1.11326,1.11192,1.11315,5994
1724893200,1.11314,1.11371,1.11274,1.11354,8324
1724907600,1.11356,1.114,1.10719,1.10849,21801
1724922000,1.10852,1.11,1.10728,1.10842,21939
1724936400,1.10842,1.10896,1.10556,1.10816,29697
1724950800,1.10817,1.10854,1.10747,1.1078,15224
1724965200,1.10772,1.10833,1.10754,1.10806,5196
1724979600,1.10806,1.1082,1.10698,1.1074,8494
1724994000,1.10742,1.1095,1.10736,1.10748,16166
1725008400,1.10749,1.10883,1.10578,1.1068,21997
1725022800,1.1068,1.10804,1.1044,1.10495,32075
1725037200,1.10496,1.10568,1.10465,1.1047,13074
1725224400,1.10489,1.10559,1.1042,1.10535,5504
1725238800,1.10536,1.10556,1.1044,1.10485,8073
1725253200,1.10484,1.10774,1.10454,1.10676,15572
1725267600,1.10676,1.10728,1.10584,1.1068,16362
1725282000,1.10682,1.1072,1.106,1.10659,11292
1725296400,1.10662,1.10728,1.10662,1.10728,1341
1725310800,1.10702,1.1073,1.1059,1.10607,5241
1725325200,1.10608,1.10704,1.1054,1.10543,9856
1725339600,1.10542,1.10678,1.1048,1.10486,19567
1725354000,1.10486,1.10526,1.10332,1.1048,21358
1725368400,1.10483,1.10694,1.1036,1.10392,33116
1725382800,1.10394,1.10446,1.10264,1.10433,12629
1725397200,1.10415,1.10514,1.10396,1.10483,8902
1725411600,1.10482,1.10572,1.10476,1.10564,10572
1725426000,1.10564,1.10629,1.10468,1.10518,20790
1725440400,1.1052,1.10587,1.104,1.10525,17176
1725454800,1.10524,1.10952,1.105,1.10845,29215
1725469200,1.10842,1.10862,1.10653,1.10832,13593
1725483600,1.10838,1.10865,1.10757,1.10792,6612
1725498000,1.10793,1.10856,1.10748,1.1077,10056
1725512400,1.1077,1.11004,1.10767,1.10991,17734
1725526800,1.1099,1.11198,1.10872,1.10924,23352
1725541200,1.10926,1.11088,1.10763,1.11009,31413
1725555600,1.1101,1.11134,1.10996,1.11106,12545
1725570000,1.11102,1.11146,1.11086,1.11132,5563
1725584400,1.11133,1.11176,1.11093,1.1116,7461
1725598800,1.1116,1.1121,1.11108,1.11174,17892
1725613200,1.11174,1.11556,1.108,1.1121,30170
1725627600,1.11212,1.11352,1.10657,1.10768,57352
1725642000,1.10769,1.10896,1.10696,1.10856,18448
1725829200,1.10827,1.10911,1.10824,1.10832,6957
1725843600,1.10834,1.1091,1.10746,1.10757,8521
1725858000,1.10758,1.1076,1.10456,1.10476,18098
1725872400,1.10476,1.10592,1.10358,1.10396,17484
1725886800,1.10397,1.10522,1.10342,1.10488,20772
1725901200,1.1049,1.10538,1.10339,1.10352,10707
1725915600,1.10373,1.10397,1.10283,1.10308,5078
1725930000,1.10308,1.10406,1.10306,1.10401,6262
1725944400,1.104,1.10496,1.10336,1.10379,14063
1725958800,1.10378,1.1044,1.10266,1.10298,16922
1725973200,1.10296,1.1035,1.10153,1.10267,23265
1725987600,1.10268,1.10279,1.10184,1.10194,10455
1726002000,1.10195,1.10238,1.10168,1.10202,4873
1726016400,1.10202,1.10472,1.10182,1.10468,11435
1726030800,1.10467,1.1052,1.10366,1.10438,16953
1726045200,1.10438,1.10549,1.10034,1.10162,25195
1726059600,1.10164,1.10263,1.1002,1.1016,32285
1726074000,1.10161,1.10266,1.1011,1.1012,13684
1726088400,1.1013,1.10154,1.1006,1.10068,3693
1726102800,1.10067,1.1017,1.10066,1.10164,7290
1726117200,1.10161,1.1024,1.10055,1.10155,15489
1726131600,1.1016,1.10326,1.10097,1.10252,21571
1726146000,1.10252,1.10481,1.10247,1.10462,24827
1726160400,1.10463,1.10751,1.10425,1.10748,17915
1726174800,1.10739,1.10874,1.10704,1.10872,5010
1726189200,1.10874,1.10902,1.10794,1.10844,9580
1726203600,1.10844,1.1094,1.10731,1.10927,15923
1726218000,1.10928,1.11009,1.10792,1.10931,20912
1726232400,1.10932,1.1102,1.1077,1.1084,27621
1726246800,1.1084,1.1086,1.10729,1.10756,10822
1726434000,1.10802,1.10924,1.10757,1.10894,5550
1726448400,1.10893,1.11048,1.10867,1.1097,8080
1726462800,1.1097,1.11262,1.10958,1.1123,15500
1726477200,1.11229,1.11327,1.11159,1.1125,18793
1726491600,1.1125,1.11376,1.11166,1.1129,21328
1726506000,1.1129,1.11337,1.11162,1.11326,9678
1726520400,1.11328,1.1133,1.11219,1.1123,4331
1726534800,1.11227,1.11298,1.11218,1.11245,7071
1726549200,1.11247,1.11463,1.11158,1.11448,14292
1726563600,1.11448,1.11448,1.1118,1.11248,22357
1726578000,1.11249,1.11282,1.11117,1.11194,28582
1726592400,1.11192,1.11236,1.11107,1.1114,15785
1726606800,1.1115,1.11286,1.11137,1.1127,4899
1726621200,1.11271,1.11306,1.112,1.11201,6443
1726635600,1.112,1.11332,1.11154,1.11298,15241
1726650000,1.11296,1.114,1.1118,1.11222,16077
1726664400,1.11224,1.11398,1.11082,1.11242,21116
1726678800,1.11244,1.11892,1.10966,1.11177,53671
1726693200,1.11164,1.11241,1.1079,1.10815,9830
1726707600,1.10814,1.11214,1.10686,1.11202,17011
1726722000,1.11201,1.11692,1.112,1.11628,23260
1726736400,1.11628,1.11788,1.11258,1.11259,26974
1726750800,1.11258,1.11584,1.11166,1.11556,33402
1726765200,1.11556,1.11679,1.11524,1.11616,15566
1726779600,1.11632,1.11632,1.11572,1.11604,5640
1726794000,1.11604,1.11694,1.11573,1.1165,10867
1726808400,1.1165,1.1182,1.11524,1.11644,22661
1726822800,1.11645,1.1177,1.11541,1.11744,18238
1726837200,1.11744,1.11762,1.11361,1.11738,34186
1726851600,1.11736,1.11744,1.11561,1.11636,16013
1727038800,1.11628,1.11662,1.11561,1.11589,5737
1727053200,1.11586,1.1165,1.11558,1.11636,6979
1727067600,1.11636,1.11673,1.10832,1.10925,24811
1727082000,1.10924,1.11258,1.10922,1.11226,19662
1727096400,1.11225,1.11434,1.11153,1.11252,29542
1727110800,1.11253,1.11286,1.11096,1.11108,12352
1727125200,1.11153,1.11162,1.11043,1.11058,5285
1727139600,1.11059,1.11177,1.11035,1.11169,9291
1727154000,1.11171,1.1145,1.11044,1.11401,20123
1727168400,1.11399,1.11478,1.11221,1.1141,18250
1727182800,1.11407,1.11635,1.11324,1.11586,26542
1727197200,1.11585,1.1181,1.11548,1.11797,10348
1727211600,1.11798,1.1194,1.11777,1.11932,6349
1727226000,1.11933,1.11988,1.11852,1.11958,9817
1727240400,1.11959,1.11966,1.11822,1.11849,16828
1727254800,1.11848,1.12079,1.11782,1.11978,18902
1727269200,1.11979,1.12142,1.1133,1.11346,27710
1727283600,1.11346,1.1139,1.11216,1.1133,13165
1727298000,1.11334,1.11371,1.1129,1.11366,5074
1727312400,1.11367,1.11454,1.11316,1.11417,7590
1727326800,1.11416,1.1158,1.11258,1.11414,20906
1727341200,1.11414,1.11654,1.11375,1.11512,25133
1727355600,1.11512,1.11894,1.11258,1.11694,33093
1727370000,1.11692,1.11842,1.11684,1.11766,14862
1727384400,1.11766,1.11782,1.1168,1.11693,8964
1727398800,1.11692,1.11733,1.11625,1.11646,10253
1727413200,1.11647,1.1176,1.11248,1.11445,28653
1727427600,1.11446,1.12018,1.11372,1.11998,24318
1727442000,1.11995,1.12031,1.11462,1.11517,31532
1727456400,1.11518,1.1168,1.11504,1.1164,14293
1727643600,1.11595,1.11739,1.11578,1.11709,6741
1727658000,1.11708,1.11728,1.11564,1.11617,10016
1727672400,1.11618,1.1209,1.1156,1.12058,20012
1727686800,1.12058,1.12058,1.11834,1.11898,19844
1727701200,1.11899,1.11913,1.1135,1.11484,31983
1727715600,1.11485,1.11636,1.11137,1.11348,21908
1727730000,1.11319,1.11427,1.11272,1.11322,6771
1727744400,1.11322,1.11436,1.11313,1.11406,9210
1727758800,1.11409,1.11442,1.1098,1.1103,23532
1727773200,1.11031,1.11148,1.10701,1.1071,24816
1727787600,1.10712,1.10868,1.10482,1.10545,41778
1727802000,1.10542,1.10774,1.1046,1.10678,22088
1727816400,1.1069,1.10722,1.10634,1.10656,5386
1727830800,1.10656,1.1074,1.10604,1.1063,11613
1727845200,1.1063,1.10829,1.10541,1.10724,21214
1727859600,1.10723,1.10774,1.10511,1.10535,24042
1727874000,1.10536,1.10658,1.10327,1.10468,28938
1727888400,1.10468,1.10537,1.10368,1.10452,12633
1727902800,1.10477,1.10496,1.10373,1.10392,5762
1727917200,1.1039,1.10408,1.10321,1.10329,9514
1727931600,1.1033,1.10462,1.1025,1.10377,23090
1727946000,1.10376,1.1047,1.10281,1.10322,23307
1727960400,1.1032,1.10439,1.10084,1.10304,37980
1727974800,1.10306,1.10362,1.10251,1.10298,13944
1727989200,1.10329,1.10396,1.10312,1.10346,5484
1728003600,1.10346,1.10362,1.10254,1.10278,11933
1728018000,1.10279,1.10357,1.1021,1.10256,21777
1728032400,1.10256,1.10369,1.09592,1.0961,42386
1728046800,1.0961,1.09818,1.09514,1.09598,47802
1728061200,1.09597,1.09778,1.09579,1.0975,15797
1728248400,1.09678,1.09754,1.09632,1.097,10487
1728262800,1.097,1.09777,1.09684,1.09685,14862
1728277200,1.09684,1.09791,1.09582,1.09702,28394
1728291600,1.09702,1.09837,1.09542,1.09772,32829
1728306000,1.0977,1.09848,1.09696,1.0984,40134
1728320400,1.0984,1.0987,1.09658,1.09748,19280
1728334800,1.09759,1.09839,1.09732,1.09818,8175
1728349200,1.09817,1.09869,1.09728,1.09855,19136
1728363600,1.09854,1.09973,1.09786,1.09939,29850
1728378000,1.0994,1.0995,1.09714,1.0976,27531
1728392400,1.09758,1.0984,1.0961,1.09758,33843
1728406800,1.09756,1.09807,1.09658,1.09807,18049
1728421200,1.09758,1.0981,1.09738,1.09754,7317
1728435600,1.09754,1.09774,1.09621,1.09632,16819
1728450000,1.09634,1.09762,1.0951,1.09579,32167
1728464400,1.0958,1.09708,1.09528,1.09568,23047
1728478800,1.09568,1.09599,1.09396,1.09416,29623
1728493200,1.09416,1.09428,1.09362,1.094,15098
1728507600,1.09386,1.0943,1.0938,1.09406,7160
1728522000,1.09404,1.09462,1.09384,1.09411,14147
1728536400,1.0941,1.09432,1.09282,1.0933,20164
1728550800,1.09331,1.09552,1.09078,1.09442,41653
1728565200,1.09441,1.09498,1.09031,1.09062,53983
1728579600,1.09062,1.09377,1.09001,1.0937,21299
1728594000,1.09293,1.09378,1.09293,1.09375,6175
1728608400,1.09374,1.09408,1.09296,1.09356,9451
1728622800,1.09358,1.09538,1.09322,1.09496,16781
1728637200,1.09494,1.09512,1.09261,1.09332,24834
1728651600,1.09331,1.09525,1.09281,1.09449,31035
1728666000,1.09448,1.09475,1.09325,1.0937,11351
1728853200,1.09328,1.09338,1.09154,1.09216,7018
1728867600,1.09215,1.09293,1.0918,1.09238,11315
1728882000,1.09237,1.09318,1.09224,1.0927,17397
1728896400,1.0927,1.09367,1.09074,1.09094,19750
1728910800,1.09096,1.09276,1.09008,1.09016,25472
1728925200,1.09016,1.09092,1.08882,1.09092,11659
1728939600,1.09073,1.09104,1.0904,1.09074,5885
1728954000,1.09072,1.09088,1.08916,1.0893,9764
1728968400,1.0893,1.09164,1.0885,1.09104,23648
1728982800,1.09106,1.0915,1.08972,1.091,26126
1728997200,1.091,1.09168,1.08894,1.08895,30830
1729011600,1.08896,1.08926,1.08819,1.08914,14064
1729026000,1.08922,1.08933,1.08821,1.08854,6149
1729040400,1.08854,1.08958,1.08844,1.08894,11793
1729054800,1.08896,1.08904,1.08752,1.08834,26052
1729069200,1.08833,1.09016,1.08826,1.08888,23306
1729083600,1.0889,1.08976,1.08662,1.08682,28751
1729098000,1.08682,1.08684,1.08532,1.08618,12451
1729112400,1.08619,1.08704,1.08563,1.08632,8169
1729126800,1.08631,1.08652,1.08512,1.08534,13032
1729141200,1.08534,1.08585,1.0849,1.08516,20358
1729155600,1.08518,1.08742,1.08334,1.0843,31961
1729170000,1.08431,1.08448,1.08112,1.08248,46239
1729184400,1.08247,1.0832,1.0821,1.08308,12442
1729198800,1.08303,1.08334,1.08253,1.0829,6719
1729213200,1.0829,1.08406,1.08276,1.08404,12401
1729227600,1.08406,1.08488,1.08346,1.08378,22010
1729242000,1.08378,1.08602,1.08342,1.08594,22214
1729256400,1.08594,1.08682,1.08512,1.08668,24257
1729270800,1.08668,1.08696,1.08591,1.08674,12417
1729458000,1.08614,1.08718,1.08614,1.08649,8161
1729472400,1.0865,1.08684,1.08584,1.08588,13852
1729486800,1.08588,1.08635,1.08463,1.08554,19477
1729501200,1.08553,1.08591,1.08446,1.08574,20855
1729515600,1.08574,1.0858,1.08172,1.08186,26643
1729530000,1.08186,1.08232,1.0811,1.08146,12784
1729544400,1.08155,1.08184,1.0814,1.08162,6997
1729558800,1.08163,1.08214,1.08151,1.08204,14062
1729573200,1.08204,1.0838,1.08181,1.0827,19405
1729587600,1.0827,1.08308,1.0811,1.08118,23175
1729602000,1.08118,1.08186,1.0801,1.08076,31742
1729616400,1.08077,1.08089,1.07926,1.07988,12558
1729630800,1.07992,1.08014,1.07922,1.07952,5713
1729645200,1.07953,1.08054,1.07938,1.08022,16387
1729659600,1.08023,1.08068,1.07794,1.07883,23502
1729674000,1.07882,1.07894,1.07612,1.07744,25585
1729688400,1.07744,1.07864,1.07696,1.07733,29515
1729702800,1.07732,1.07866,1.07673,1.07823,17008
1729717200,1.07834,1.079,1.07794,1.07888,7090
1729731600,1.07889,1.07936,1.07812,1.07932,15541
1729746000,1.07933,1.08082,1.07704,1.08032,33189
1729760400,1.08032,1.08054,1.07887,1.07964,29422
1729774800,1.07966,1.08114,1.0795,1.08108,33371
1729789200,1.08108,1.08299,1.08108,1.08279,14603
1729803600,1.08266,1.08289,1.08201,1.08217,6387
1729818000,1.08218,1.08276,1.082,1.08219,10650
1729832400,1.0822,1.08374,1.08138,1.08238,22297
1729846800,1.08238,1.08394,1.08211,1.08386,20228
1729861200,1.08386,1.08388,1.08026,1.08052,29762
1729875600,1.08053,1.08068,1.0793,1.07962,15858
1730062800,1.0794,1.08018,1.07874,1.07942,11024
1730077200,1.0794,1.0796,1.07821,1.07878,16047
1730091600,1.07878,1.08214,1.07822,1.08192,21242
1730106000,1.0819,1.08263,1.08084,1.08156,23017
1730120400,1.08156,1.08277,1.08137,1.08155,27724
1730134800,1.08156,1.08191,1.081,1.08119,14687
1730149200,1.08143,1.08194,1.08108,1.08158,6016
1730163600,1.08157,1.08182,1.08062,1.08088,14284
1730178000,1.08089,1.08205,1.08056,1.08185,22271
1730192400,1.08184,1.08264,1.0772,1.07775,30005
1730206800,1.07777,1.08122,1.0769,1.0799,49838
1730221200,1.07991,1.08188,1.0798,1.08184,18052
1730235600,1.08164,1.08261,1.08138,1.08218,6678
1730250000,1.08219,1.08258,1.08132,1.08167,13356
1730264400,1.08166,1.08448,1.0814,1.08348,20813
1730278800,1.08353,1.08595,1.0808,1.0814,37998
1730293200,1.08139,1.0867,1.08113,1.08612,45784
1730307600,1.0861,1.08715,1.08537,1.08566,17878
1730322000,1.08564,1.08602,1.0853,1.08534,6952
1730336400,1.08532,1.08582,1.08441,1.0848,16576
1730350800,1.08478,1.08638,1.08466,1.08562,24908
1730365200,1.08564,1.08868,1.08542,1.08798,35526
1730379600,1.08798,1.08882,1.08462,1.08582,54035
1730394000,1.08582,1.0885,1.08554,1.08834,23419
1730408400,1.08852,1.08874,1.08806,1.08866,6647
1730422800,1.08866,1.08887,1.08752,1.08772,14626
1730437200,1.08772,1.08782,1.08574,1.08626,19932
1730451600,1.08625,1.09058,1.08524,1.08862,34609
1730466000,1.08864,1.08897,1.08464,1.08526,48358
1730480400,1.08524,1.08529,1.08318,1.08336,17969
1730671200,1.08819,1.08914,1.08699,1.08884,15208
1730685600,1.08884,1.0905,1.08849,1.0899,18673
1730700000,1.08991,1.09022,1.08872,1.08962,27070
1730714400,1.08962,1.09148,1.08933,1.09052,25447
1730728800,1.09053,1.09097,1.08799,1.08888,34315
1730743200,1.08887,1.08893,1.0874,1.08769,14853
1730757600,1.08801,1.08808,1.08726,1.08776,6747
1730772000,1.08778,1.08801,1.08744,1.08786,10364
1730786400,1.08786,1.08977,1.0877,1.08918,16427
1730800800,1.0892,1.09019,1.08896,1.08928,18413
1730815200,1.08927,1.09305,1.08902,1.09302,32436
1730829600,1.09302,1.09366,1.09242,1.09297,16050
1730844000,1.09292,1.09374,1.08213,1.08366,57192
1730858400,1.08364,1.08393,1.0719,1.07601,100927
1730872800,1.07602,1.07814,1.07028,1.07553,84020
1730887200,1.07552,1.07618,1.06826,1.07101,63695
1730901600,1.071,1.07454,1.06983,1.07274,62587
1730916000,1.07274,1.07584,1.07262,1.0729,30502
1730930400,1.07302,1.07372,1.07129,1.07178,12798
1730944800,1.07177,1.0748,1.07174,1.07463,16884
1730959200,1.07462,1.07717,1.0741,1.07463,36863
1730973600,1.07464,1.07948,1.07464,1.07924,38535
1730988000,1.07924,1.08248,1.07813,1.08048,43605
1731002400,1.08051,1.08096,1.0767,1.08032,51470
1731016800,1.0806,1.0806,1.07792,1.07868,12143
1731031200,1.07869,1.07898,1.07765,1.07818,15732
1731045600,1.07818,1.07894,1.0761,1.07791,37180
1731060000,1.07792,1.07975,1.07444,1.07531,34988
1731074400,1.0753,1.07658,1.06868,1.07091,45255
1731088800,1.07092,1.07216,1.06998,1.07186,18278
1731276000,1.071,1.0728,1.07086,1.07202,13705
1731290400,1.07203,1.07272,1.07079,1.07174,11583
1731304800,1.07176,1.07224,1.0668,1.06814,30901
1731319200,1.06813,1.06886,1.06365,1.0648,27646
1731333600,1.06482,1.06576,1.06286,1.06491,26335
1731348000,1.06488,1.06579,1.0646,1.0656,11895
1731362400,1.0654,1.06632,1.06478,1.06483,10144
1731376800,1.06482,1.06522,1.06379,1.06399,16431
1731391200,1.06398,1.06398,1.06166,1.06263,30526
1731405600,1.06262,1.06298,1.06063,1.0623,31995
1731420000,1.0623,1.06261,1.0595,1.0607,39487
1731434400,1.0607,1.06268,1.06066,1.06238,15701
1731448800,1.06226,1.06292,1.0611,1.06281,14643
1731463200,1.06282,1.06296,1.06095,1.0613,12774
1731477600,1.06131,1.063,1.05934,1.06269,24318
1731492000,1.0627,1.06546,1.06102,1.06366,42862
1731506400,1.06366,1.0638,1.05558,1.05689,67101
1731520800,1.05691,1.05759,1.05566,1.05642,18061
1731535200,1.05632,1.05686,1.0551,1.0556,10973
1731549600,1.0556,1.05578,1.0534,1.05474,14949
1731564000,1.05472,1.05582,1.05176,1.05204,29058
1731578400,1.05204,1.05452,1.04963,1.05306,46555
1731592800,1.05306,1.05825,1.05296,1.05593,45848
1731607200,1.05594,1.05606,1.0512,1.05299,31937
1731621600,1.05304,1.05417,1.05237,1.0532,12204
1731636000,1.05319,1.0546,1.05319,1.05402,16597
1731650400,1.05401,1.05801,1.05338,1.05622,29830
1731664800,1.05622,1.0593,1.0554,1.05586,42140
1731679200,1.05584,1.05634,1.05232,1.05487,56897
1731693600,1.05489,1.05547,1.05164,1.054,21235
1731880800,1.05306,1.05508,1.05304,1.05421,16139
1731895200,1.05422,1.05466,1.05304,1.05382,14884
1731909600,1.05379,1.05714,1.05364,1.05661,28330
1731924000,1.0566,1.05688,1.05325,1.05678,27914
1731938400,1.05678,1.05926,1.05606,1.05912,31636
1731952800,1.05911,1.06072,1.05872,1.05985,13939
1731967200,1.05992,1.06,1.05872,1.05932,10188
1731981600,1.05931,1.06008,1.05827,1.05835,13917
1731996000,1.05836,1.05964,1.05234,1.05495,47678
1732010400,1.05496,1.05977,1.05436,1.05768,38566
1732024800,1.05769,1.06012,1.05655,1.05804,48722
1732039200,1.05803,1.0598,1.05711,1.05962,16731
1732053600,1.05945,1.06098,1.0593,1.06001,11008
1732068000,1.06002,1.06034,1.05866,1.05871,10243
1732082400,1.0587,1.05956,1.05532,1.05556,28374
1732096800,1.05554,1.0568,1.05422,1.05566,29211
1732111200,1.05566,1.0557,1.05068,1.05322,38655
1732125600,1.0532,1.05444,1.05256,1.05436,14973
1732140000,1.05427,1.05498,1.05418,1.05458,8817
1732154400,1.05458,1.0555,1.05458,1.05466,9215
1732168800,1.05468,1.05546,1.05138,1.0517,33911
1732183200,1.05171,1.05393,1.0514,1.0533,30404
1732197600,1.0533,1.05448,1.04622,1.04875,54450
1732212000,1.04874,1.04894,1.04718,1.04746,14834
1732226400,1.04742,1.04782,1.04664,1.04716,10312
1732240800,1.04716,1.04783,1.04616,1.04647,13002
1732255200,1.04644,1.04981,1.03319,1.04019,62777
1732269600,1.0402,1.04375,1.0385,1.04295,45539
1732284000,1.04296,1.04348,1.0392,1.0419,50350
1732298400,1.0419,1.04255,1.04081,1.04186,15980
1732485600,1.04786,1.05016,1.04634,1.04781,23643
1732500000,1.04778,1.04895,1.04746,1.04792,15206
1732514400,1.04792,1.04972,1.0449,1.04896,40875
1732528800,1.04896,1.05304,1.0474,1.05285,37944
1732543200,1.05286,1.05304,1.04667,1.04861,46532
1732557600,1.04861,1.05108,1.04856,1.04966,17994
1732572000,1.04942,1.05008,1.0425,1.04541,36352
1732586400,1.04542,1.04906,1.04512,1.04753,18926
1732600800,1.04752,1.05193,1.047,1.05073,39886
1732615200,1.05072,1.05448,1.05,1.05036,43858
1732629600,1.05037,1.05102,1.04636,1.04705,48928
1732644000,1.04704,1.04904,1.04573,1.04894,23100
1732658400,1.04876,1.04965,1.04844,1.04868,15885
1732672800,1.04867,1.04883,1.04744,1.0477,12868
1732687200,1.0477,1.05404,1.04754,1.05165,42854
1732701600,1.05165,1.05738,1.05104,1.05728,42009
1732716000,1.05727,1.05877,1.0533,1.05764,56427
1732730400,1.05765,1.05788,1.05593,1.05667,14839
1732744800,1.05652,1.05698,1.05474,1.05573,12466
1732759200,1.05574,1.05613,1.05488,1.055,13326
1732773600,1.05501,1.05566,1.05275,1.0532,40118
1732788000,1.0532,1.05564,1.053,1.0534,27795
1732802400,1.0534,1.05571,1.05316,1.05528,21895
1732816800,1.05529,1.05572,1.05522,1.0555,2424
1732831200,1.05522,1.0575,1.05509,1.056,17511
1732845600,1.056,1.0577,1.0559,1.05681,15494
1732860000,1.05678,1.05973,1.0552,1.05579,38283
1732874400,1.05578,1.05734,1.05482,1.0563,38818
1732888800,1.0563,1.0568,1.05414,1.05674,43882
1732903200,1.05676,1.05847,1.05676,1.05778,34076
1733090400,1.05687,1.05706,1.0528,1.05306,21563
1733104800,1.05304,1.05321,1.05152,1.0522,18911
1733119200,1.0522,1.05373,1.0496,1.05136,49741
1733133600,1.05136,1.05384,1.0495,1.05058,44734
1733148000,1.0506,1.05148,1.04606,1.04876,63951
1733162400,1.04876,1.05161,1.04846,1.04989,25159
1733176800,1.04985,1.05018,1.04842,1.0488,12605
1733191200,1.04881,1.04944,1.04806,1.04915,14417
1733205600,1.04916,1.05309,1.04835,1.05204,35000
1733220000,1.05206,1.05298,1.05064,1.0524,30920
1733234400,1.0524,1.05303,1.04922,1.05282,50963
1733248800,1.05282,1.05351,1.05028,1.05097,19440
1733263200,1.05076,1.05127,1.04972,1.05061,12118
1733277600,1.05062,1.05202,1.04881,1.0515,17868
1733292000,1.05153,1.05292,1.04824,1.0503,32991
1733306400,1.0503,1.05124,1.04794,1.04836,37254
1733320800,1.04836,1.05442,1.04723,1.05372,57162
1733335200,1.05373,1.05389,1.05049,1.05102,25970
1733349600,1.05106,1.0516,1.0508,1.05122,9445
1733364000,1.05122,1.0529,1.05106,1.05266,10979
1733378400,1.05266,1.05466,1.05214,1.05288,25273
1733392800,1.05284,1.05683,1.05234,1.05672,37010
1733407200,1.05672,1.05897,1.05508,1.05677,44555
1733421600,1.05676,1.05887,1.0557,1.05877,17191
1733436000,1.05884,1.05886,1.0566,1.05687,9922
1733450400,1.05688,1.05804,1.05684,1.05723,12150
1733464800,1.05724,1.05942,1.05676,1.05772,23611
1733479200,1.05774,1.063,1.05714,1.06044,42513
1733493600,1.06046,1.06072,1.0544,1.05512,54327
1733508000,1.05511,1.05697,1.05424,1.05673,14297
1733695200,1.05593,1.05694,1.05512,1.05519,9433
1733709600,1.0552,1.05566,1.05322,1.05373,12365
1733724000,1.05373,1.05753,1.05366,1.05662,31669
1733738400,1.05664,1.05854,1.05579,1.05762,28677
1733752800,1.05762,1.05944,1.05668,1.0567,31828
1733767200,1.05667,1.05676,1.05471,1.05538,13162
1733781600,1.05551,1.05574,1.05454,1.05532,9102
1733796000,1.05531,1.05626,1.0549,1.05622,14512
1733810400,1.05622,1.05683,1.0523,1.05312,26024
1733824800,1.05312,1.0538,1.05158,1.0523,27870
1733839200,1.05231,1.05312,1.04985,1.05096,36325
1733853600,1.05097,1.05313,1.05087,1.05276,14894
1733868000,1.05276,1.05356,1.05272,1.05348,7496
1733882400,1.05346,1.05394,1.05204,1.05241,10496
1733896800,1.05242,1.05286,1.04882,1.05005,35884
1733911200,1.05004,1.05376,1.04871,1.05241,43340
1733925600,1.05239,1.05292,1.04802,1.04878,49985
1733940000,1.04876,1.05002,1.04815,1.0496,19852
1733954400,1.0496,1.05088,1.04917,1.0506,9315
1733968800,1.05062,1.05094,1.05008,1.05065,9248
1733983200,1.05068,1.0531,1.05044,1.05101,30086
1733997600,1.05098,1.05144,1.04696,1.04849,44230
1734012000,1.04851,1.05212,1.04638,1.05007,65192
1734026400,1.05009,1.05025,1.04643,1.04666,19734
1734040800,1.04702,1.04809,1.04634,1.04651,12353
1734055200,1.04654,1.04668,1.04564,1.04653,12110
1734069600,1.04654,1.04941,1.04532,1.04873,29685
1734084000,1.04874,1.05243,1.04834,1.05103,35651
1734098400,1.05104,1.05104,1.04822,1.04964,34118
1734112800,1.04964,1.05046,1.04892,1.05025,15016
1734300000,1.04894,1.05214,1.04852,1.05191,12621
1734314400,1.05189,1.0523,1.05098,1.05196,10674
1734328800,1.05194,1.05248,1.05002,1.05052,31719
1734343200,1.05052,1.05083,1.04833,1.05076,25608
1734357600,1.05076,1.05208,1.04746,1.05112,38413
1734372000,1.05113,1.05226,1.05057,1.05108,13378
1734386400,1.0511,1.05344,1.05092,1.05214,10047
1734400800,1.05214,1.0527,1.05026,1.05048,10337
1734415200,1.05048,1.05093,1.04804,1.04858,28787
1734429600,1.04862,1.05067,1.04792,1.05048,31964
1734444000,1.05047,1.0516,1.04945,1.04998,39575
1734458400,1.04997,1.05044,1.04852,1.04916,14905
1734472800,1.04926,1.05029,1.04918,1.05022,7875
1734487200,1.05026,1.05058,1.0496,1.05024,9885
1734501600,1.05022,1.05129,1.04875,1.04944,24478
1734516000,1.04944,1.05036,1.04826,1.0492,26309
1734530400,1.0492,1.05033,1.04671,1.04754,31296
1734544800,1.04754,1.04925,1.03439,1.03497,74142
1734559200,1.03537,1.038,1.03475,1.03782,19964
1734573600,1.03784,1.03908,1.03726,1.03822,16933
1734588000,1.0382,1.04224,1.03774,1.04125,43940
1734602400,1.04126,1.04158,1.03859,1.0399,45973
1734616800,1.03989,1.04073,1.03546,1.03616,50996
1734631200,1.03616,1.03774,1.03553,1.03634,22039
1734645600,1.03648,1.03693,1.03588,1.03636,11005
1734660000,1.03635,1.03668,1.03566,1.03663,13592
1734674400,1.03662,1.03985,1.0343,1.03828,38896
1734688800,1.03829,1.04192,1.03796,1.04075,35694
1734703200,1.04074,1.0445,1.0386,1.04286,54075
1734717600,1.04284,1.04476,1.04221,1.04294,20684
1734904800,1.04316,1.04462,1.04268,1.04361,10063
1734919200,1.0436,1.04454,1.0436,1.04402,8167
1734933600,1.044,1.04421,1.04073,1.04078,21412
1734948000,1.04078,1.04099,1.03858,1.03996,25446
1734962400,1.03998,1.0418,1.03843,1.03976,31502
1734976800,1.03976,1.04143,1.03976,1.04064,12943
1734991200,1.04096,1.04106,1.03981,1.04028,5943
1735005600,1.04027,1.04088,1.03888,1.0397,8446
1735020000,1.03969,1.04056,1.03901,1.03922,13656
1735034400,1.03919,1.04037,1.03891,1.04027,18225
1735048800,1.04026,1.04102,1.03836,1.03886,21263
1735063200,1.03886,1.04043,1.03866,1.03966,7535
1735164000,1.04042,1.04067,1.03928,1.03974,9393
1735178400,1.03972,1.04042,1.03967,1.03978,7980
1735192800,1.03976,1.04005,1.03906,1.03992,14060
1735207200,1.03992,1.04059,1.03928,1.04027,13511
1735221600,1.04028,1.04228,1.03951,1.04118,22505
1735236000,1.04118,1.043,1.04118,1.04228,15899
1735250400,1.04215,1.04251,1.04122,1.04132,8905
1735264800,1.04132,1.04141,1.04068,1.04094,8452
1735279200,1.04095,1.04258,1.04052,1.0417,15777
1735293600,1.0417,1.04441,1.04118,1.04386,17773
1735308000,1.04386,1.04398,1.04146,1.04214,30614
1735322400,1.04213,1.04305,1.04209,1.04266,12848
1735509600,1.04316,1.04346,1.04251,1.04252,4959
1735524000,1.04255,1.04276,1.0421,1.04254,4154
1735538400,1.04253,1.04395,1.04095,1.0434,19079
1735552800,1.04339,1.04584,1.03852,1.03881,28485
1735567200,1.0388,1.0409,1.03718,1.03942,42338
1735581600,1.03942,1.04072,1.03938,1.04068,14841
1735596000,1.04032,1.04134,1.0397,1.0412,8057
1735610400,1.0412,1.0415,1.04026,1.04038,7235
1735624800,1.0404,1.04245,1.03997,1.04187,20588
1735639200,1.04186,1.04202,1.03837,1.0393,26894
1735653600,1.03931,1.03942,1.03439,1.03486,43876
1735668000,1.03484,1.03649,1.03455,1.03533,15362
1735768800,1.0355,1.0361,1.03439,1.03579,10807
1735783200,1.0358,1.03759,1.03577,1.03639,7806
1735797600,1.03638,1.03724,1.03464,1.03518,25396
1735812000,1.03516,1.0357,1.03114,1.03135,41898
1735826400,1.03134,1.0324,1.02241,1.0265,61667
1735840800,1.02652,1.02688,1.02479,1.0267,15421
1735855200,1.026,1.02736,1.026,1.02675,8656
1735869600,1.02674,1.02748,1.02646,1.02718,9032
1735884000,1.02719,1.03001,1.02686,1.02903,26380
1735898400,1.02902,1.0303,1.02792,1.02932,21798
1735912800,1.02931,1.03059,1.02729,1.0298,35224
1735927200,1.0298,1.031,1.02926,1.0309,14858
1736114400,1.03057,1.03136,1.02956,1.03124,10148
1736128800,1.03123,1.03184,1.03085,1.0309,10203
1736143200,1.03089,1.0369,1.03078,1.03555,30996
1736157600,1.03556,1.0437,1.03286,1.04168,63632
1736172000,1.04168,1.04239,1.03525,1.03875,67084
1736186400,1.03877,1.03924,1.03772,1.03901,17398
1736200800,1.0385,1.03973,1.03762,1.03812,10846
1736215200,1.03811,1.04034,1.038,1.03968,9896
1736229600,1.03968,1.04345,1.03963,1.04278,31731
1736244000,1.04276,1.04345,1.03868,1.03966,33545
1736258400,1.03966,1.03976,1.03538,1.03671,56009
1736272800,1.0367,1.03695,1.03396,1.03404,17672
1736287200,1.03425,1.03531,1.03392,1.0353,9174
1736301600,1.0353,1.0356,1.03464,1.0355,8035
1736316000,1.03551,1.03577,1.03153,1.03196,30849
1736330400,1.03195,1.03214,1.02732,1.03035,57668
1736344800,1.03036,1.03146,1.02891,1.03056,43267
1736359200,1.03055,1.03244,1.03054,1.03188,19449
1736373600,1.03166,1.0319,1.03048,1.03144,8101
1736388000,1.03144,1.03216,1.03054,1.03066,9952
1736402400,1.03067,1.03178,1.02836,1.03059,33271
1736416800,1.03058,1.03192,1.0296,1.0308,29466
1736431200,1.0308,1.03148,1.02912,1.02974,22432
1736445600,1.02972,1.03038,1.02941,1.02998,6676
1736460000,1.03008,1.03046,1.02922,1.0302,9099
1736474400,1.0302,1.03039,1.02847,1.02858,9405
1736488800,1.02858,1.0312,1.02812,1.03,22156
1736503200,1.03,1.03118,1.02128,1.02566,45260
1736517600,1.02564,1.02786,1.02276,1.02445,72427
1736532000,1.02444,1.0249,1.02348,1.02442,20464
1736719200,1.02404,1.02501,1.02365,1.02419,11185
1736733600,1.02418,1.02453,1.02075,1.02195,14535
1736748000,1.02196,1.02315,1.01779,1.01934,42207
1736762400,1.01934,1.02209,1.01861,1.02084,39112
1736776800,1.02084,1.02196,1.01918,1.0218,39595
1736791200,1.0218,1.02473,1.0207,1.02434,15680
1736805600,1.02448,1.02778,1.02414,1.02492,18172
1736820000,1.0249,1.02554,1.02385,1.0245,12172
1736834400,1.02452,1.0275,1.02452,1.02596,36857
1736848800,1.02595,1.0273,1.02395,1.02532,42515
1736863200,1.02532,1.03044,1.02436,1.02882,47346
1736877600,1.02882,1.03086,1.02867,1.03082,14305
1736892000,1.03048,1.03086,1.0298,1.03002,7632
1736906400,1.03003,1.03054,1.02926,1.02932,9212
1736920800,1.02932,1.03174,1.02867,1.03098,30207
1736935200,1.03098,1.03548,1.02935,1.03445,42178
1736949600,1.03446,1.03456,1.02583,1.02857,53297
1736964000,1.02859,1.02991,1.02844,1.02904,13001
1736978400,1.02875,1.03,1.02847,1.02896,12902
1736992800,1.02894,1.0294,1.02809,1.02824,12202
1737007200,1.02824,1.03016,1.02817,1.02862,25912
1737021600,1.02862,1.02963,1.02608,1.02816,36301
1737036000,1.02814,1.03152,1.02679,1.02966,57894
1737050400,1.02966,1.03078,1.02934,1.0302,14973
1737064800,1.02978,1.03096,1.02969,1.03051,7614
1737079200,1.03053,1.03092,1.02875,1.02932,9574
1737093600,1.02933,1.03042,1.02774,1.02968,25864
1737108000,1.02967,1.03102,1.02854,1.02902,29917
1737122400,1.02902,1.03308,1.02653,1.0281,53127
1737136800,1.02808,1.02922,1.02692,1.02718,15124
1737324000,1.02825,1.0293,1.02664,1.02909,11329
1737338400,1.02907,1.03072,1.0287,1.03026,10293
1737352800,1.03026,1.0319,1.02995,1.03062,25749
1737367200,1.03063,1.04002,1.03063,1.03982,52014
1737381600,1.03982,1.04301,1.03535,1.03856,71531
1737396000,1.03857,1.04345,1.03832,1.0417,16556
1737410400,1.04131,1.04346,1.03522,1.03702,53072
1737424800,1.03702,1.04011,1.03692,1.03789,23483
1737439200,1.0379,1.03862,1.03417,1.03536,34820
1737453600,1.03528,1.0378,1.0343,1.03779,40575
1737468000,1.03782,1.04302,1.03729,1.04213,47181
1737482400,1.04212,1.04356,1.04158,1.0429,15800
1737496800,1.04274,1.04341,1.03922,1.04096,19656
1737511200,1.04096,1.04214,1.04061,1.04157,12297
1737525600,1.04156,1.04474,1.03998,1.04467,35569
1737540000,1.04468,1.04574,1.04223,1.04317,31484
1737554400,1.04315,1.04322,1.0412,1.04171,36934
1737568800,1.0417,1.04231,1.0408,1.04102,12194
1737583200,1.04125,1.04161,1.0402,1.04036,12413
1737597600,1.04036,1.04128,1.0397,1.04053,14935
1737612000,1.04051,1.0415,1.03899,1.04117,29534
1737626400,1.04116,1.04204,1.03942,1.04108,33334
1737640800,1.04108,1.0438,1.03721,1.04354,58161
1737655200,1.04355,1.0437,1.04129,1.04156,17001
1737669600,1.04169,1.04232,1.04116,1.04158,9042
1737684000,1.0416,1.0454,1.04159,1.04515,28299
1737698400,1.04514,1.05152,1.04474,1.04946,50777
1737712800,1.04946,1.04979,1.04637,1.04687,28552
1737727200,1.04686,1.05215,1.04673,1.05112,45030
1737741600,1.0511,1.05119,1.04882,1.04953,13147
1737928800,1.04808,1.04863,1.04614,1.04627,15120
1737943200,1.04628,1.04778,1.04559,1.0463,14855
1737957600,1.04632,1.04938,1.04539,1.04888,38826
1737972000,1.04888,1.05333,1.04888,1.052,49558
1737986400,1.05198,1.05246,1.04849,1.04888,42365
1738000800,1.04888,1.04944,1.04792,1.04921,17846
1738015200,1.04929,1.0494,1.04282,1.0438,30319
1738029600,1.04378,1.04418,1.04244,1.04364,19949
1738044000,1.04366,1.04443,1.04192,1.04352,33278
1738058400,1.04352,1.04374,1.04138,1.04247,31360
1738072800,1.04246,1.04414,1.04209,1.04279,34803
1738087200,1.0428,1.04383,1.04226,1.04307,17010
1738101600,1.04288,1.04345,1.04267,1.04272,7761
1738116000,1.04272,1.04427,1.04258,1.04404,10495
1738130400,1.04404,1.04438,1.04021,1.04038,28290
1738144800,1.04038,1.04086,1.03824,1.03878,33908
1738159200,1.03878,1.04285,1.03864,1.04214,40502
1738173600,1.04214,1.0429,1.03882,1.042,52956
1738188000,1.04197,1.0429,1.04184,1.04201,9194
1738202400,1.042,1.04278,1.04177,1.04219,10050
1738216800,1.0422,1.0429,1.04022,1.04078,27542
1738231200,1.04076,1.04599,1.03904,1.04562,40466
1738245600,1.04563,1.04678,1.04094,1.04172,48814
1738260000,1.04172,1.04324,1.03862,1.03923,33577
1738274400,1.03954,1.04026,1.0377,1.03888,14320
1738288800,1.03889,1.03952,1.03828,1.03889,13177
1738303200,1.03888,1.04129,1.03653,1.03836,35191
1738317600,1.03836,1.03953,1.0372,1.03822,35402
1738332000,1.03824,1.0434,1.03604,1.04202,56522
1738346400,1.04201,1.04218,1.035,1.0361,62761
1738533600,1.02454,1.02702,1.02105,1.02378,57556
1738548000,1.02378,1.02436,1.02123,1.02405,35322
1738562400,1.02404,1.02544,1.02129,1.02306,46365
1738576800,1.02306,1.02878,1.02302,1.02639,46790
1738591200,1.0264,1.0336,1.0243,1.02798,109151
1738605600,1.02795,1.03502,1.027,1.03428,37623
1738620000,1.0338,1.03521,1.03085,1.0322,17867
1738634400,1.0322,1.03241,1.02719,1.02931,28129
1738648800,1.02933,1.03496,1.02922,1.03388,36096
1738663200,1.03387,1.03434,1.03201,1.03406,27039
1738677600,1.03406,1.03874,1.03402,1.03768,51275
1738692000,1.03767,1.03877,1.03746,1.03788,17859
1738706400,1.03758,1.03868,1.03696,1.03734,14459
1738720800,1.03735,1.03862,1.0373,1.03779,14180
1738735200,1.03778,1.04178,1.03742,1.04039,35374
1738749600,1.0404,1.04307,1.04016,1.04078,32565
1738764000,1.0408,1.04432,1.04062,1.04199,44273
1738778400,1.04198,1.04216,1.0397,1.04028,16062
1738792800,1.04049,1.0406,1.03948,1.04025,11407
1738807200,1.04024,1.04056,1.03852,1.03864,12501
1738821600,1.03864,1.03926,1.03562,1.03594,25983
1738836000,1.03594,1.03677,1.03526,1.03603,36304
1738850400,1.03604,1.03806,1.03598,1.03792,32561
1738864800,1.03794,1.03968,1.03738,1.0383,17947
1738879200,1.03858,1.03911,1.03744,1.0384,10121
1738893600,1.03839,1.03862,1.03739,1.03752,13333
1738908000,1.03752,1.04,1.03728,1.03913,20216
1738922400,1.03912,1.04134,1.03493,1.03636,38351
1738936800,1.03637,1.0389,1.03052,1.03218,81423
1738951200,1.03218,1.03385,1.0321,1.0327,19675
1739138400,1.02925,1.03185,1.02838,1.03032,15624
1739152800,1.03032,1.03216,1.02988,1.03162,10485
1739167200,1.03163,1.03349,1.03068,1.03269,24897
1739181600,1.03267,1.03366,1.03086,1.03216,24354
1739196000,1.03216,1.03238,1.03044,1.03124,27472
1739210400,1.03124,1.03162,1.0305,1.0307,10091
1739224800,1.03092,1.03103,1.02984,1.0302,9642
1739239200,1.0302,1.0306,1.02922,1.03047,12475
1739253600,1.03047,1.03221,1.02998,1.0318,24378
1739268000,1.0318,1.03288,1.03144,1.03225,22832
1739282400,1.03226,1.03514,1.03218,1.03456,28989
1739296800,1.03456,1.03816,1.03421,1.03612,20957
1739311200,1.03621,1.03678,1.0354,1.03606,8516
1739325600,1.03606,1.03678,1.03549,1.03586,11576
1739340000,1.03586,1.03799,1.0357,1.03736,22944
1739354400,1.03738,1.03858,1.0317,1.03332,38348
1739368800,1.03331,1.04275,1.03253,1.04262,66701
1739383200,1.04262,1.04299,1.03808,1.03824,24749
1739397600,1.03848,1.0402,1.03829,1.03999,12190
1739412000,1.03998,1.04384,1.03967,1.0435,18670
1739426400,1.0435,1.044,1.041,1.04232,32277
1739440800,1.04232,1.04291,1.03752,1.03926,42097
1739455200,1.03926,1.04454,1.03818,1.04255,47779
1739469600,1.04254,1.04674,1.03732,1.04648,41873
1739484000,1.04639,1.04692,1.04561,1.04592,12396
1739498400,1.04592,1.0464,1.04471,1.04528,12504
1739512800,1.04526,1.04878,1.0452,1.04814,29526
1739527200,1.04812,1.0498,1.04571,1.04882,32152
1739541600,1.04883,1.05144,1.04873,1.05073,35475
1739556000,1.05072,1.05082,1.04884,1.0492,14996
1739743200,1.04862,1.05065,1.04848,1.05054,10361
1739757600,1.05054,1.05055,1.04848,1.04899,14225
1739772000,1.04896,1.04956,1.04711,1.04742,26492
1739786400,1.04742,1.04892,1.04672,1.04742,20031
1739800800,1.04745,1.04848,1.04714,1.04826,13087
1739815200,1.04826,1.04854,1.04793,1.04833,4762
1739829600,1.04798,1.04864,1.04624,1.04662,10535
1739844000,1.04662,1.04726,1.04523,1.04552,14462
1739858400,1.04552,1.04694,1.04548,1.0464,24327
1739872800,1.04638,1.04672,1.04418,1.04448,21767
1739887200,1.04448,1.04699,1.04392,1.0446,29688
1739901600,1.0446,1.04498,1.04352,1.0446,14938
1739916000,1.04465,1.0452,1.04411,1.04466,10292
1739930400,1.04466,1.04564,1.04448,1.04564,11970
1739944800,1.04562,1.04615,1.04283,1.0429,23916
1739959200,1.04291,1.04354,1.0419,1.04341,28114
1739973600,1.0434,1.04414,1.04009,1.04098,30544
1739988000,1.04101,1.04326,1.04086,1.04225,16531
1740002400,1.04248,1.04328,1.04187,1.04214,11881
1740016800,1.04214,1.04376,1.04203,1.04276,17179
1740031200,1.04278,1.04421,1.04236,1.04372,22501
1740045600,1.0437,1.0455,1.04308,1.04482,25358
1740060000,1.0448,1.04946,1.04419,1.04893,37268
1740074400,1.04891,1.05036,1.04854,1.05014,14829
1740088800,1.04976,1.05059,1.04845,1.04868,11559
1740103200,1.04869,1.0505,1.04864,1.0493,14548
1740117600,1.0493,1.04997,1.04667,1.04692,30014
1740132000,1.04694,1.0478,1.04594,1.04752,22121
1740146400,1.04753,1.04928,1.04494,1.04631,36645
1740160800,1.0463,1.0468,1.04509,1.04608,21711
1740348000,1.0469,1.0521,1.04618,1.0518,24053
1740362400,1.0518,1.05284,1.05102,1.05164,22270
1740376800,1.05164,1.05164,1.0469,1.0472,34144
1740391200,1.0472,1.04814,1.04603,1.0467,25264
1740405600,1.04668,1.04838,1.04528,1.04725,36159
1740420000,1.04724,1.0486,1.04619,1.04682,23460
1740434400,1.0469,1.04706,1.04596,1.04652,10154
1740448800,1.04652,1.04782,1.04652,1.0477,15066
1740463200,1.04769,1.04802,1.04563,1.04732,31949
1740477600,1.04732,1.05098,1.04653,1.05003,28541
1740492000,1.05004,1.05194,1.0484,1.05024,40813
1740506400,1.05024,1.05191,1.05023,1.05149,19277
1740520800,1.05157,1.0525,1.05128,1.05153,12610
1740535200,1.05154,1.0517,1.04904,1.04915,15386
1740549600,1.04916,1.05117,1.04872,1.04972,26809
1740564000,1.04971,1.05022,1.0475,1.04842,26983
1740578400,1.04842,1.0529,1.04795,1.04924,52392
1740592800,1.04924,1.05004,1.04784,1.0485,26449
1740607200,1.04852,1.04926,1.04731,1.04785,9825
1740621600,1.04784,1.04806,1.04591,1.04651,15793
1740636000,1.0465,1.04852,1.0464,1.04843,25320
1740650400,1.0484,1.04898,1.04194,1.04235,39418
1740664800,1.04234,1.04419,1.04004,1.04074,50393
1740679200,1.04076,1.04179,1.03968,1.03989,19493
1740693600,1.03998,1.04043,1.03844,1.0385,13831
1740708000,1.03848,1.03916,1.03802,1.0389,17682
1740722400,1.03888,1.0408,1.03827,1.03954,27856
1740736800,1.03954,1.04163,1.03924,1.04068,25978
1740751200,1.04069,1.042,1.039,1.03966,47128
1740765600,1.03964,1.03982,1.036,1.03754,38389
1740952800,1.04048,1.04233,1.03998,1.04199,20508
1740967200,1.04198,1.04236,1.04101,1.04144,16133
1740981600,1.04142,1.0429,1.03886,1.04272,30008
1740996000,1.04273,1.04764,1.04272,1.04719,38815
1741010400,1.0472,1.05038,1.04688,1.04904,43980
1741024800,1.04904,1.0504,1.04664,1.04882,39770
1741039200,1.04884,1.04962,1.04766,1.04884,19673
1741053600,1.04885,1.049,1.0471,1.04837,24168
1741068000,1.04838,1.05275,1.04791,1.05122,41498
1741082400,1.0512,1.05595,1.05026,1.05391,42598
1741096800,1.0539,1.05486,1.04964,1.05418,59896
1741111200,1.05417,1.06278,1.05378,1.06258,45208
1741125600,1.06229,1.06372,1.06085,1.06127,25264
1741140000,1.06129,1.06326,1.0602,1.06316,26881
1741154400,1.06316,1.07223,1.06243,1.0712,56820
1741168800,1.07119,1.0723,1.06764,1.07158,52812
1741183200,1.07158,1.0788,1.07138,1.07851,84014
1741197600,1.07853,1.07968,1.07638,1.07896,35059
1741212000,1.07903,1.08204,1.07873,1.08152,16629
1741226400,1.08153,1.08194,1.07842,1.08104,24793
1741240800,1.08104,1.08222,1.07804,1.07999,59773
1741255200,1.08,1.08453,1.07828,1.08262,49674
1741269600,1.08261,1.08536,1.07914,1.07971,83883
1741284000,1.07971,1.08116,1.07658,1.07854,30920
1741298400,1.07877,1.07964,1.07814,1.079,13637
1741312800,1.07902,1.08178,1.07847,1.08134,15648
1741327200,1.08133,1.08714,1.08081,1.08614,40975
1741341600,1.08614,1.0889,1.08412,1.08445,55962
1741356000,1.08446,1.08872,1.0832,1.08434,74791
1741370400,1.08434,1.08514,1.08257,1.08345,24771
1741554000,1.08302,1.08674,1.08302,1.08642,15086
1741568400,1.08643,1.08714,1.08302,1.08306,22153
1741582800,1.08304,1.08449,1.0805,1.081,38729
1741597200,1.081,1.08747,1.08088,1.08439,54041
1741611600,1.0844,1.08508,1.08208,1.08304,45481
1741626000,1.08304,1.08458,1.08176,1.08362,26100
1741640400,1.08341,1.08537,1.08324,1.08515,10555
1741654800,1.08516,1.08617,1.08436,1.08545,22591
1741669200,1.08546,1.09192,1.08356,1.09172,45426
1741683600,1.09172,1.0921,1.08812,1.0918,37724
1741698000,1.09181,1.09308,1.0895,1.09252,55606
1741712400,1.09252,1.09472,1.09102,1.09194,31662
1741726800,1.09202,1.09208,1.09057,1.09088,8059
1741741200,1.09088,1.09154,1.08958,1.08988,17984
1741755600,1.0899,1.09218,1.08874,1.09216,36014
1741770000,1.09217,1.09322,1.08762,1.0878,52372
1741784400,1.08782,1.0928,1.08757,1.09058,56802
1741798800,1.09058,1.09143,1.08798,1.08875,24690
1741813200,1.08899,1.08919,1.08826,1.08916,5249
1741827600,1.08916,1.08973,1.08818,1.08935,14328
1741842000,1.08936,1.08936,1.08592,1.08732,34822
1741856400,1.0873,1.08854,1.08262,1.08349,48408
1741870800,1.0835,1.08782,1.08226,1.08726,52932
1741885200,1.08726,1.08735,1.08464,1.08524,25527
1741899600,1.08502,1.08586,1.08484,1.08492,7491
1741914000,1.08492,1.08493,1.08344,1.08411,15549
1741928400,1.0841,1.08569,1.08306,1.08538,29977
1741942800,1.0854,1.09127,1.0847,1.08947,54565
1741957200,1.08946,1.08981,1.08656,1.08831,45690
1741971600,1.08832,1.08881,1.08734,1.08789,15300
1742158800,1.08812,1.08855,1.08748,1.08796,7074
1742173200,1.08796,1.0894,1.08743,1.08822,13477
1742187600,1.08822,1.0887,1.08686,1.08838,23727
1742202000,1.0884,1.0912,1.0877,1.09019,33136
1742216400,1.09019,1.09299,1.08972,1.09212,35546
1742230800,1.09212,1.09277,1.09116,1.09226,16295
1742245200,1.09224,1.09236,1.0915,1.0916,5150
1742259600,1.09159,1.09192,1.09064,1.0911,10283
1742274000,1.09112,1.09548,1.09036,1.09516,21715
1742288400,1.09518,1.09532,1.08926,1.09116,29771
1742302800,1.09116,1.09401,1.08966,1.09387,36659
1742317200,1.09386,1.0952,1.09386,1.0944,15317
1742331600,1.09446,1.09462,1.0932,1.09346,5483
1742346000,1.09348,1.09452,1.09282,1.093,7816
1742360400,1.093,1.09364,1.08732,1.09074,29815
1742374800,1.09074,1.09176,1.08914,1.09012,26666
1742389200,1.09013,1.09038,1.08754,1.08852,29779
1742403600,1.08851,1.09134,1.08606,1.09022,44320
1742418000,1.09032,1.09166,1.0903,1.09124,7680
1742432400,1.09124,1.09174,1.09004,1.09033,14666
1742446800,1.09032,1.09034,1.08632,1.08654,25815
1742461200,1.08652,1.08685,1.0831,1.08338,36581
1742475600,1.08336,1.08524,1.08146,1.08488,33871
1742490000,1.08489,1.08592,1.08392,1.08534,12039
1742504400,1.08525,1.08588,1.08508,1.08532,5332
1742518800,1.08531,1.08556,1.08277,1.08302,12153
1742533200,1.08302,1.08456,1.08199,1.08362,21502
1742547600,1.08362,1.08614,1.08248,1.08322,24154
1742562000,1.08322,1.0836,1.07969,1.08183,35625
1742576400,1.08182,1.08268,1.08052,1.08155,17241
1742763600,1.08156,1.08401,1.08141,1.08372,8688
1742778000,1.08372,1.08375,1.08172,1.08228,14730
1742792400,1.08227,1.08583,1.08184,1.0843,29146
1742806800,1.08432,1.08548,1.08216,1.08298,27930
1742821200,1.083,1.08308,1.07816,1.07918,38683
1742835600,1.07918,1.08133,1.0784,1.08012,17066
1742850000,1.08013,1.08038,1.07952,1.08002,5235
1742864400,1.08002,1.0809,1.07944,1.08034,11811
1742878800,1.08034,1.08072,1.0777,1.07906,19242
1742893200,1.07906,1.08302,1.07876,1.08253,27913
1742907600,1.08254,1.0828,1.07974,1.08066,35581
1742922000,1.08068,1.08171,1.07898,1.07918,15557
1742936400,1.0794,1.07944,1.07836,1.07844,5425
1742950800,1.07844,1.07973,1.07781,1.07842,12111
1742965200,1.0784,1.07999,1.0778,1.07994,23153
1742979600,1.07992,1.08029,1.0782,1.07844,24473
1742994000,1.07844,1.07956,1.07676,1.07878,37010
1743008400,1.07877,1.07894,1.07439,1.07528,22530
1743022800,1.07578,1.07578,1.0733,1.07558,10810
1743037200,1.07557,1.0787,1.07553,1.07804,11607
1743051600,1.07804,1.07828,1.07542,1.07759,28681
1743066000,1.07757,1.07995,1.07611,1.07871,28108
1743080400,1.07872,1.08212,1.07766,1.07991,38489
1743094800,1.07993,1.08088,1.07884,1.0802,14187
1743109200,1.0799,1.08016,1.07883,1.07949,5239
1743123600,1.0795,1.07989,1.07843,1.07886,10309
1743138000,1.07885,1.08,1.07751,1.07783,18052
1743152400,1.07784,1.0792,1.07646,1.07891,22690
1743166800,1.0789,1.08448,1.07849,1.08217,43415
1743181200,1.08216,1.08362,1.0812,1.08308,17020
1743368400,1.08281,1.08418,1.08055,1.08418,13463
1743382800,1.08416,1.08458,1.0829,1.08343,12614
1743397200,1.08342,1.08495,1.08118,1.08274,33422
1743411600,1.08275,1.08305,1.08011,1.08037,26394
1743426000,1.08036,1.08216,1.0784,1.08118,43337
1743440400,1.08118,1.08199,1.08072,1.08154,13625
1743454800,1.08186,1.08266,1.08142,1.08252,6622
1743469200,1.08252,1.083,1.08171,1.0825,12361
1743483600,1.08252,1.08254,1.07991,1.08178,25123
1743498000,1.08176,1.08292,1.07783,1.07873,31714
1743512400,1.07874,1.08125,1.07794,1.07998,40640
1743526800,1.07999,1.08046,1.07853,1.07926,13532
1743541200,1.07919,1.08081,1.07891,1.07904,7222
1743555600,1.07906,1.08018,1.07872,1.07926,9163
1743570000,1.07927,1.08018,1.07802,1.07976,19892
1743584400,1.07974,1.08196,1.0786,1.08192,25214
1743598800,1.08192,1.08734,1.08148,1.08524,39817
1743613200,1.0852,1.09244,1.08107,1.08565,56434
1743627600,1.08449,1.09112,1.08052,1.08908,52209
1743642000,1.08908,1.09247,1.08868,1.0907,35346
1743656400,1.09069,1.10209,1.09065,1.10092,65277
1743670800,1.10092,1.11464,1.10037,1.1082,94411
1743685200,1.10819,1.11352,1.10328,1.10386,89360
1743699600,1.10386,1.10531,1.1016,1.10512,27754
1743714000,1.10526,1.10716,1.10368,1.10608,18774
1743728400,1.10606,1.10986,1.10572,1.10875,32893
1743742800,1.10874,1.11078,1.09754,1.09964,63364
1743757200,1.09966,1.10898,1.09645,1.102,137013
1743771600,1.10203,1.10481,1.09602,1.09715,152252
1743786000,1.09714,1.0977,1.09242,1.09645,64926
1743973200,1.08926,1.10017,1.08814,1.09672,65043
1743987600,1.09672,1.09878,1.09198,1.0985,55172
1744002000,1.09852,1.10502,1.0968,1.0992,109529
1744016400,1.09918,1.09965,1.09351,1.09738,106041
1744030800,1.09738,1.0983,1.09006,1.09324,122567
1744045200,1.09326,1.09527,1.09017,1.09066,54238
1744059600,1.09068,1.09504,1.09064,1.094,20900
1744074000,1.09398,1.09804,1.0938,1.09762,35312
1744088400,1.09761,1.0992,1.09216,1.09366,63967
1744102800,1.09364,1.09686,1.09112,1.09485,63921
1744117200,1.09484,1.09558,1.08883,1.09296,83880
1744131600,1.09296,1.0978,1.09262,1.09586,55631
1744146000,1.09565,1.10168,1.09512,1.10149,32322
1744160400,1.1015,1.1069,1.10096,1.10684,76766
1744174800,1.10683,1.109,1.09982,1.10276,125117
1744189200,1.10277,1.10952,1.10094,1.10756,107515
1744203600,1.10757,1.1082,1.10136,1.10203,86154
1744218000,1.10205,1.1064,1.09134,1.09484,134632
1744232400,1.09513,1.09868,1.09432,1.09864,32734
1744246800,1.09865,1.09894,1.09614,1.09828,35318
1744261200,1.09828,1.1048,1.09627,1.10377,68064
1744275600,1.10378,1.11321,1.10338,1.10973,77583
1744290000,1.10974,1.1229,1.1091,1.11968,109384
1744304400,1.11969,1.12418,1.11588,1.12019,68013
1744318800,1.11947,1.13856,1.11902,1.13102,72625
1744333200,1.13102,1.13545,1.12754,1.13226,87442
1744347600,1.13226,1.14739,1.12464,1.14272,128105
1744362000,1.14272,1.14272,1.13202,1.13956,120697
1744376400,1.13956,1.14123,1.12766,1.1306,139364
1744390800,1.13058,1.13617,1.12822,1.13599,50035
1744578000,1.13214,1.13708,1.13178,1.13654,36137
1744592400,1.13654,1.1409,1.13578,1.13677,49925
1744606800,1.13676,1.14247,1.1353,1.13878,72572
1744621200,1.13877,1.1408,1.13346,1.13389,56303
1744635600,1.1339,1.1382,1.1296,1.13308,76310
1744650000,1.13306,1.13699,1.13285,1.13493,29716
1744664400,1.13479,1.13614,1.13172,1.13288,17398
1744678800,1.13287,1.13634,1.13159,1.1357,25341
1744693200,1.13571,1.13792,1.13208,1.13468,51907
1744707600,1.13469,1.1356,1.13088,1.1313,49047
1744722000,1.13128,1.13296,1.1264,1.12743,71803
1744736400,1.12744,1.129,1.12663,1.1282,22744
1744750800,1.12832,1.1322,1.1281,1.1317,21611
1744765200,1.1317,1.1348,1.13163,1.13462,29485
1744779600,1.1346,1.13924,1.13382,1.13698,63293
1744794000,1.13698,1.1378,1.13404,1.13516,63973
1744808400,1.13517,1.1387,1.13498,1.1375,63468
1744822800,1.13752,1.1413,1.13592,1.13986,48152
1744837200,1.13994,1.14094,1.1365,1.13681,21822
1744851600,1.13682,1.13819,1.13554,1.13624,29179
1744866000,1.13625,1.13887,1.13432,1.13785,47071
1744880400,1.13786,1.1381,1.13352,1.13566,57420
1744894800,1.13566,1.1386,1.13386,1.13506,74636
1744909200,1.13507,1.13766,1.13412,1.13646,24884
1744923600,1.13673,1.13864,1.13628,1.13752,21554
1744938000,1.1375,1.13788,1.13684,1.13698,46575
1744952400,1.13696,1.13763,1.13592,1.13713,50365
1744966800,1.13711,1.13866,1.13674,1.13826,44653
1744981200,1.13827,1.13978,1.1377,1.13948,26029
1744995600,1.1395,1.13978,1.13904,1.1395,9539
1745182800,1.13973,1.14866,1.13958,1.14664,33588
1745197200,1.14665,1.15327,1.14652,1.15174,38137
1745211600,1.15174,1.1568,1.1505,1.15584,47069
1745226000,1.15582,1.15734,1.15132,1.15427,44418
1745240400,1.15424,1.1543,1.14817,1.15094,53415
1745254800,1.15094,1.1527,1.14936,1.15127,21564
1745269200,1.15135,1.15256,1.1482,1.14904,19129
1745283600,1.14905,1.15409,1.14858,1.15302,33512
1745298000,1.15302,1.15475,1.14833,1.14999,66593
1745312400,1.15,1.15078,1.14612,1.14704,55957
1745326800,1.14704,1.14923,1.14333,1.14339,63444
1745341200,1.14341,1.14542,1.14175,1.14209,29158
1745355600,1.14234,1.14295,1.1308,1.13975,51167
1745370000,1.13976,1.14154,1.1371,1.139,38861
1745384400,1.139,1.14154,1.13713,1.1413,63580
1745398800,1.1413,1.14401,1.13862,1.14055,45554
1745413200,1.14056,1.14124,1.13281,1.134,106722
1745427600,1.134,1.13441,1.13104,1.13151,26643
1745442000,1.13192,1.13475,1.13166,1.13438,21586
1745456400,1.13438,1.13576,1.13325,1.13394,27467
1745470800,1.13394,1.1393,1.13309,1.13807,45238
1745485200,1.13806,1.13949,1.1358,1.13768,39556
1745499600,1.13769,1.13876,1.13476,1.138,49781
1745514000,1.13802,1.13982,1.13636,1.13892,18914
1745528400,1.13864,1.1394,1.13468,1.13474,14369
1745542800,1.13475,1.13595,1.13156,1.13352,30945
1745557200,1.13351,1.13685,1.13216,1.13506,42847
1745571600,1.13505,1.13668,1.13342,1.13525,33970
1745586000,1.13524,1.13888,1.1333,1.13686,40428
1745600400,1.13688,1.13828,1.13571,1.13636,18897
1745787600,1.13658,1.13673,1.134,1.1364,12145
1745802000,1.1364,1.13727,1.13434,1.13723,18361
1745816400,1.13724,1.1381,1.13296,1.13438,34389
1745830800,1.13438,1.1373,1.13411,1.13512,31590
1745845200,1.13514,1.14226,1.13396,1.14115,52012
1745859600,1.14116,1.1425,1.14003,1.1422,20665
1745874000,1.14221,1.14222,1.13992,1.13998,11443
1745888400,1.13996,1.14202,1.13742,1.13782,23967
1745902800,1.13783,1.14123,1.13761,1.13854,38849
1745917200,1.13853,1.14147,1.13704,1.14106,35174
1745931600,1.14107,1.1419,1.13789,1.14035,53245
1745946000,1.14036,1.14048,1.13761,1.13846,18807
1745960400,1.13881,1.13958,1.1377,1.13826,11582
1745974800,1.13826,1.13865,1.1355,1.13734,19135
1745989200,1.13732,1.13998,1.13622,1.13716,32200
1746003600,1.13717,1.13888,1.1356,1.13735,41197
1746018000,1.13736,1.13794,1.13233,1.13556,63911
1746032400,1.13556,1.1365,1.13172,1.13291,24393
1746046800,1.13293,1.13322,1.1319,1.13218,10569
1746061200,1.13218,1.13222,1.12996,1.13026,17050
1746075600,1.13027,1.1331,1.12876,1.13198,31140
1746090000,1.132,1.13412,1.13082,1.13152,33136
1746104400,1.1315,1.13276,1.12658,1.12908,49042
1746118800,1.12908,1.12944,1.1275,1.1291,19086
1746133200,1.129,1.12994,1.12742,1.12822,11647
1746147600,1.12822,1.13158,1.12786,1.13042,22280
1746162000,1.13042,1.1338,1.13023,1.13328,33356
1746176400,1.13332,1.13551,1.13043,1.13188,50916
1746190800,1.13188,1.13811,1.13146,1.13199,68288
1746205200,1.132,1.13203,1.12926,1.13005,23453
1746392400,1.13062,1.1328,1.12962,1.13226,13091
1746406800,1.13228,1.13469,1.13228,1.13374,20930
1746421200,1.13375,1.13476,1.13114,1.13264,35894
1746435600,1.13266,1.13634,1.13264,1.13599,34863
1746450000,1.136,1.1365,1.12992,1.13025,42974
1746464400,1.13023,1.13212,1.12972,1.1315,14184
1746478800,1.13146,1.132,1.12809,1.12864,9882
1746493200,1.12864,1.13276,1.12798,1.13246,22916
1746507600,1.13246,1.13497,1.13134,1.13274,37368
1746522000,1.13274,1.13438,1.13054,1.13404,37291
1746536400,1.13404,1.137,1.13262,1.13488,43743
1746550800,1.1349,1.13813,1.1349,1.13702,19483
1746565200,1.13697,1.1375,1.13254,1.1341,29313
1746579600,1.1341,1.1352,1.13264,1.13439,29942
1746594000,1.13438,1.13784,1.13432,1.13584,34600
1746608400,1.13583,1.13729,1.13472,1.13591,29788
1746622800,1.1359,1.1371,1.1337,1.13489,33360
1746637200,1.1349,1.13655,1.12919,1.13023,54301
1746651600,1.13082,1.13226,1.13,1.13103,12200
1746666000,1.13102,1.13364,1.13081,1.13182,25912
1746680400,1.13182,1.13186,1.12702,1.12879,42533
1746694800,1.1288,1.13204,1.12752,1.12996,38959
1746709200,1.12998,1.13164,1.12207,1.12262,65377
1746723600,1.12261,1.12308,1.1212,1.1229,22409
1746738000,1.12252,1.12334,1.1213,1.12268,11570
1746752400,1.12267,1.123,1.11967,1.1228,26200
1746766800,1.12279,1.12592,1.12186,1.12566,29967
1746781200,1.12564,1.12608,1.12423,1.12541,29192
1746795600,1.1254,1.1293,1.12531,1.12586,35596
1746810000,1.12584,1.12664,1.1247,1.12486,11226
1746997200,1.12019,1.12394,1.11925,1.12387,17932
1747011600,1.12386,1.12428,1.12224,1.12275,25067
1747026000,1.12276,1.12359,1.10823,1.11376,79082
1747040400,1.11375,1.11418,1.1072,1.11134,59832
1747054800,1.11135,1.11347,1.10838,1.10846,51665
1747069200,1.10848,1.10968,1.10654,1.10876,19613
1747083600,1.10918,1.11066,1.10876,1.11044,13211
1747098000,1.11048,1.11174,1.10991,1.1117,22949
1747112400,1.1117,1.11246,1.11016,1.1112,35240
1747126800,1.1112,1.11314,1.10972,1.11306,33840
1747141200,1.11308,1.1183,1.11275,1.11759,49632
1747155600,1.11761,1.11949,1.11678,1.11848,13761
1747170000,1.11866,1.11975,1.11823,1.11924,11817
1747184400,1.11923,1.12012,1.1183,1.11888,24582
1747198800,1.11888,1.12522,1.11802,1.12387,45697
1747213200,1.12388,1.1266,1.12095,1.12255,45263
1747227600,1.12254,1.1235,1.11757,1.11891,52393
1747242000,1.1189,1.11969,1.11646,1.1173,19882
1747256400,1.11799,1.11946,1.11742,1.11917,10835
1747270800,1.11916,1.12016,1.1189,1.1193,19094
1747285200,1.1193,1.12283,1.11855,1.12102,32835
1747299600,1.12102,1.12142,1.11794,1.121,35324
1747314000,1.12102,1.12239,1.11727,1.11808,44758
1747328400,1.1181,1.11892,1.11703,1.11863,15232
1747342800,1.11904,1.12084,1.11827,1.12049,13328
1747357200,1.1205,1.12088,1.11964,1.12034,18387
1747371600,1.12034,1.12196,1.11972,1.11992,28184
1747386000,1.1199,1.1209,1.11882,1.11972,27402
1747400400,1.11973,1.1206,1.11311,1.11451,41263
1747414800,1.11452,1.11675,1.11396,1.11654,16341
1747602000,1.11788,1.11987,1.11714,1.11975,18381
1747616400,1.11975,1.11992,1.11724,1.1184,23513
1747630800,1.1184,1.12593,1.11763,1.12573,40028
1747645200,1.12575,1.12884,1.12551,1.1257,42263
1747659600,1.1257,1.12654,1.12291,1.12354,41582
1747674000,1.12354,1.1245,1.1224,1.1242,14353
1747688400,1.1241,1.12446,1.1218,1.1228,9304
1747702800,1.12284,1.12516,1.12261,1.12424,22356
1747717200,1.12421,1.12779,1.12418,1.12585,37461
1747731600,1.12587,1.12674,1.12236,1.12344,28353
1747746000,1.12344,1.127,1.12246,1.12569,39564
1747760400,1.12568,1.1286,1.12549,1.12837,16254
1747774800,1.12828,1.13016,1.12804,1.12956,11592
1747789200,1.12956,1.134,1.1287,1.1329,25499
1747803600,1.1329,1.13533,1.13122,1.13228,39902
1747818000,1.1323,1.13622,1.13148,1.13349,37493
1747832400,1.13348,1.13546,1.13232,1.13405,42328
1747846800,1.13406,1.13629,1.13156,1.13312,27592
1747861200,1.13299,1.13438,1.1311,1.13274,19362
1747875600,1.13274,1.1345,1.13173,1.13332,26902
1747890000,1.13332,1.13422,1.12954,1.13018,46391
1747904400,1.13016,1.1315,1.12849,1.12951,41129
1747918800,1.12952,1.1309,1.12659,1.12696,47857
1747933200,1.12694,1.12859,1.12556,1.12804,15986
1747947600,1.12807,1.13001,1.1279,1.1297,10553
1747962000,1.12972,1.1321,1.1295,1.1318,17565
1747976400,1.13177,1.13448,1.13082,1.1342,28188
1747990800,1.1342,1.13759,1.12975,1.13335,70973
1748005200,1.13336,1.13598,1.13109,1.13584,47514
1748019600,1.13583,1.13694,1.13518,1.13649,17657
1748206800,1.13672,1.13978,1.13624,1.1397,19933
1748221200,1.1397,1.14189,1.13882,1.14094,24462
1748235600,1.14094,1.14187,1.1383,1.13848,30170
1748250000,1.13847,1.1387,1.13689,1.13753,18945
1748264400,1.13752,1.13854,1.13732,1.13834,14456
1748278800,1.13835,1.13885,1.13786,1.13878,3467
1748293200,1.13856,1.1403,1.13844,1.14001,9688
1748307600,1.14,1.14075,1.13776,1.13782,18160
1748322000,1.13785,1.1393,1.13371,1.13488,42656
1748336400,1.13486,1.1368,1.13406,1.13668,35179
1748350800,1.13668,1.13756,1.13233,1.13318,40129
1748365200,1.13318,1.13388,1.13266,1.13282,14303
1748379600,1.13326,1.13452,1.13275,1.13346,8667
1748394000,1.13344,1.1339,1.13006,1.13062,28363
1748408400,1.13063,1.13344,1.12955,1.13322,33457
1748422800,1.13322,1.13408,1.13076,1.13112,31267
1748437200,1.13112,1.1325,1.12839,1.1294,46679
1748451600,1.12939,1.1301,1.12844,1.12918,17790
1748466000,1.12938,1.12974,1.12105,1.12346,38988
1748480400,1.12346,1.12571,1.12236,1.12479,30279
1748494800,1.1248,1.12827,1.1231,1.1272,37824
1748509200,1.1272,1.13499,1.1268,1.13494,42432
1748523600,1.13495,1.13801,1.13392,1.13714,48994
1748538000,1.13715,1.13848,1.13609,1.13666,18150
1748552400,1.13718,1.13848,1.13646,1.13725,15395
1748566800,1.13724,1.139,1.13456,1.1346,27383
1748581200,1.13461,1.13545,1.13234,1.1324,36165
1748595600,1.13241,1.13586,1.13231,1.13461,39935
1748610000,1.13462,1.13586,1.13126,1.13504,60870
1748624400,1.13505,1.13673,1.13451,1.13478,19241
1748811600,1.13491,1.13749,1.1347,1.13688,14942
1748826000,1.13686,1.13822,1.13544,1.13656,21596
1748840400,1.13656,1.14369,1.1364,1.14202,35457
1748854800,1.14203,1.1437,1.14091,1.14184,35703
1748869200,1.14186,1.14499,1.14041,1.14186,48250
1748883600,1.14184,1.14465,1.14162,1.14435,17365
1748898000,1.14404,1.14548,1.14361,1.14434,10878
1748912400,1.14432,1.14435,1.14161,1.14254,22447
1748926800,1.14254,1.14325,1.14054,1.14118,32293
1748941200,1.14117,1.14182,1.13772,1.1382,32710
1748955600,1.13822,1.13951,1.13641,1.13734,43519
1748970000,1.13737,1.13818,1.13677,1.13704,12302
1748984400,1.13731,1.13893,1.13708,1.13828,12000
1748998800,1.13828,1.13934,1.1365,1.13668,24157
1749013200,1.13669,1.1404,1.13572,1.13995,33851
1749027600,1.13994,1.14112,1.13749,1.14096,35936
1749042000,1.14095,1.14346,1.13928,1.1433,45706
1749056400,1.14334,1.14336,1.14102,1.1418,14402
1749070800,1.14171,1.14296,1.14164,1.14292,11951
1749085200,1.14294,1.1435,1.1408,1.14104,22474
1749099600,1.14105,1.14252,1.14046,1.1413,27894
1749114000,1.14128,1.14489,1.14096,1.14296,43395
1749128400,1.14294,1.14951,1.14185,1.1448,68191
1749142800,1.14478,1.14484,1.14312,1.14444,20729
1749157200,1.14456,1.14574,1.14433,1.14504,9173
1749171600,1.14502,1.14524,1.14332,1.14398,15885
1749186000,1.14398,1.14424,1.14114,1.14147,26747
1749200400,1.14148,1.14316,1.13865,1.13968,40885
1749214800,1.13967,1.14164,1.13716,1.13872,55332
1749229200,1.13872,1.14021,1.13846,1.13966,15964
1749416400,1.13992,1.14115,1.13922,1.1394,7907
1749430800,1.13942,1.14254,1.13941,1.14185,14126
1749445200,1.14188,1.14362,1.14122,1.14284,21876
1749459600,1.14284,1.14394,1.13946,1.14004,25104
1749474000,1.14003,1.14258,1.13865,1.14246,26956
1749488400,1.14248,1.1431,1.14186,1.14208,11098
1749502800,1.14224,1.14357,1.14201,1.14244,8990
1749517200,1.14244,1.14283,1.13862,1.13998,23638
1749531600,1.13997,1.14149,1.13729,1.14082,39049
1749546000,1.14083,1.14408,1.14034,1.14322,28019
1749560400,1.1432,1.14478,1.14157,1.14236,31432
1749574800,1.14237,1.14366,1.14166,1.14262,12841
1749589200,1.14266,1.14396,1.14204,1.1421,16109
1749603600,1.1421,1.1427,1.14062,1.14158,17938
1749618000,1.14158,1.14386,1.14054,1.14308,24798
1749632400,1.14307,1.14895,1.14268,1.14606,39406
1749646800,1.14608,1.14965,1.1453,1.14896,41930
1749661200,1.14897,1.14997,1.14792,1.1488,19198
1749675600,1.14861,1.15268,1.14854,1.15214,15059
1749690000,1.15215,1.15292,1.15066,1.15156,24495
1749704400,1.15154,1.15474,1.15058,1.15442,36058
1749718800,1.1544,1.16319,1.15402,1.16098,57730
1749733200,1.16098,1.16175,1.15669,1.15762,49011
1749747600,1.15762,1.15878,1.15637,1.1585,18843
1749762000,1.15848,1.16146,1.15396,1.1559,34574
1749776400,1.15589,1.15604,1.15142,1.15254,46923
1749790800,1.15254,1.15608,1.15119,1.15287,47690
1749805200,1.15286,1.15358,1.14889,1.1516,44563
1749819600,1.15162,1.15696,1.15013,1.15545,41409
1749834000,1.15546,1.15554,1.15333,1.1551,22537
1750021200,1.15332,1.1548,1.15265,1.15344,25713
1750035600,1.15341,1.15443,1.15237,1.15359,27313
1750050000,1.1536,1.15867,1.15359,1.15787,39077
1750064400,1.15786,1.1586,1.15698,1.15842,28690
1750078800,1.15842,1.16148,1.15784,1.1584,43186
1750093200,1.15842,1.15852,1.15547,1.15609,17074
1750107600,1.15653,1.1568,1.15432,1.155,16737
1750122000,1.15501,1.15674,1.15458,1.15612,25272
1750136400,1.15612,1.15726,1.15454,1.15521,32307
1750150800,1.1552,1.15809,1.15478,1.15504,33156
1750165200,1.15506,1.15696,1.14986,1.15028,48259
1750179600,1.1503,1.15086,1.14748,1.14807,32707
1750194000,1.14813,1.1497,1.14746,1.14923,14622
1750208400,1.14924,1.15082,1.14894,1.15056,23329
1750222800,1.15057,1.15234,1.14984,1.15023,30909
1750237200,1.15023,1.15168,1.14918,1.1506,30896
1750251600,1.15058,1.15302,1.14843,1.15032,47430
1750266000,1.15032,1.15295,1.14608,1.1481,57618
1750280400,1.14794,1.14891,1.14711,1.14812,15005
1750294800,1.1481,1.14822,1.14506,1.14692,25971
1750309200,1.14693,1.14794,1.14463,1.14766,37313
1750323600,1.14768,1.14876,1.14676,1.14776,32270
1750338000,1.14774,1.14847,1.14546,1.14566,26809
1750352400,1.14565,1.15002,1.14554,1.14966,10769
1750366800,1.14941,1.15241,1.14916,1.15228,14056
1750381200,1.15229,1.15324,1.15111,1.15272,23628
1750395600,1.15272,1.15298,1.15102,1.15226,29833
1750410000,1.15225,1.1535,1.15055,1.15129,32384
1750424400,1.1513,1.15374,1.14952,1.15361,42926
1750438800,1.15362,1.1544,1.15138,1.15222,16234
1750626000,1.1457,1.15076,1.1456,1.14893,27223
1750640400,1.14894,1.15068,1.14722,1.14908,30302
1750654800,1.14908,1.15212,1.14802,1.14818,42439
1750669200,1.14818,1.14832,1.14536,1.14676,39278
1750683600,1.14678,1.15576,1.14648,1.1545,64538
1750698000,1.15448,1.15818,1.15406,1.15786,32051
1750712400,1.15786,1.1609,1.15746,1.15992,24652
1750726800,1.15994,1.16143,1.15866,1.16063,25101
1750741200,1.16062,1.16224,1.158,1.15926,49348
1750755600,1.15925,1.16181,1.1592,1.16007,36057
1750770000,1.16008,1.16417,1.15822,1.1624,56508
1750784400,1.16239,1.16328,1.16084,1.16084,16450
1750798800,1.16114,1.16272,1.16044,1.16252,11987
1750813200,1.16252,1.16319,1.16114,1.1614,20988
1750827600,1.16139,1.16227,1.15901,1.161,30763
1750842000,1.161,1.16134,1.15902,1.15928,29933
1750856400,1.15929,1.1636,1.15902,1.1631,36990
1750870800,1.1631,1.16652,1.16272,1.16598,18803
1750885200,1.1658,1.16891,1.16544,1.16824,12288
1750899600,1.16825,1.17176,1.16674,1.168,25290
1750914000,1.168,1.17453,1.16717,1.17277,43404
1750928400,1.17275,1.17309,1.16898,1.17068,42387
1750942800,1.17071,1.17404,1.16903,1.17294,53305
1750957200,1.17294,1.17322,1.16942,1.17016,21135
1750971600,1.16998,1.17072,1.1681,1.16918,14461
1750986000,1.16918,1.17097,1.1685,1.16852,20806
1751000400,1.16857,1.1727,1.16836,1.17096,31129
1751014800,1.17094,1.17499,1.17013,1.1747,34327
1751029200,1.1747,1.1754,1.17054,1.17224,47304
1751043600,1.17224,1.17241,1.1688,1.17185,29498
1751230800,1.1731,1.17388,1.17158,1.1718,12348
1751245200,1.17181,1.17348,1.17118,1.17304,19598
1751259600,1.17304,1.17509,1.17137,1.17296,37707
1751274000,1.17294,1.17328,1.1708,1.17133,28135
1751288400,1.17134,1.17718,1.17108,1.17628,48379
1751302800,1.17627,1.17886,1.17606,1.1788,20295
1751317200,1.17847,1.1798,1.17772,1.17976,13263
1751331600,1.17976,1.18078,1.17782,1.17862,19301
1751346000,1.17863,1.18174,1.17674,1.18046,34192
1751360400,1.18044,1.18299,1.1797,1.18036,35683
1751374800,1.18037,1.1812,1.17614,1.17655,53432
1751389200,1.17654,1.18069,1.17654,1.18058,19282
1751403600,1.18024,1.18082,1.17992,1.18076,9672
1751418000,1.18077,1.181,1.17883,1.17963,16933
1751432400,1.17962,1.17984,1.177,1.17758,27994
1751446800,1.17756,1.17883,1.17468,1.17566,44160
1751461200,1.17564,1.1794,1.17507,1.17885,49140
1751475600,1.17884,1.18033,1.17884,1.1799,16191
1751490000,1.17967,1.18088,1.17886,1.18066,8896
1751504400,1.18066,1.18101,1.17874,1.17894,12617
1751518800,1.17896,1.18101,1.17868,1.1798,23429
1751533200,1.17982,1.18002,1.17174,1.17384,42694
1751547600,1.17383,1.17898,1.17338,1.17522,50257
1751562000,1.17522,1.17598,1.17445,1.17574,9380
1751576400,1.17596,1.17716,1.17534,1.1767,9955
1751590800,1.1767,1.17802,1.1756,1.17802,15677
1751605200,1.17802,1.17854,1.17676,1.17746,28438
1751619600,1.17744,1.17822,1.17638,1.17667,23022
1751634000,1.17666,1.17876,1.17664,1.17744,18408
1751648400,1.17746,1.17848,1.17721,1.17774,38715
1751835600,1.17857,1.17902,1.17736,1.17798,9852
1751850000,1.17797,1.17808,1.17641,1.17661,17531
1751864400,1.1766,1.17738,1.17234,1.17243,29821
1751878800,1.17242,1.17362,1.1718,1.17226,24811
1751893200,1.17225,1.17454,1.16876,1.16944,36442
1751907600,1.16944,1.17239,1.16865,1.17086,23561
1751922000,1.17096,1.17478,1.17086,1.17434,12989
1751936400,1.17436,1.175,1.17308,1.17416,20294
1751950800,1.17414,1.17654,1.17317,1.1749,31754
1751965200,1.17489,1.17506,1.17139,1.1721,27350
1751979600,1.1721,1.17223,1.16824,1.17088,43149
1751994000,1.17088,1.17298,1.17076,1.17256,22343
1752008400,1.17211,1.17294,1.17178,1.17246,9815
1752022800,1.17246,1.17258,1.17016,1.17126,21179
1752037200,1.17126,1.17286,1.17024,1.17134,29589
1752051600,1.17134,1.17199,1.16897,1.17154,28066
1752066000,1.17154,1.17246,1.17005,1.17051,31401
1752080400,1.1705,1.17238,1.1704,1.17218,16537
1752094800,1.17188,1.17497,1.17173,1.17439,10201
1752109200,1.17438,1.17446,1.17304,1.1735,14475
1752123600,1.17348,1.17435,1.17262,1.17276,22023
1752138000,1.17277,1.17344,1.17016,1.17067,20462
1752152400,1.17066,1.17148,1.16624,1.16856,38641
1752166800,1.16856,1.17007,1.16816,1.17006,13778
1752181200,1.1699,1.17076,1.16648,1.16748,16464
1752195600,1.16747,1.1686,1.16686,1.16764,22880
1752210000,1.16762,1.16958,1.16704,1.16822,27737
1752224400,1.16822,1.17012,1.16812,1.16886,27762
1752238800,1.16886,1.17142,1.16742,1.16916,37673
1752253200,1.16917,1.1696,1.16789,1.16911,18965
1752440400,1.16702,1.16942,1.1662,1.16935,14143
1752454800,1.16936,1.16978,1.16728,1.16748,17271
1752469200,1.16748,1.16889,1.16543,1.16826,23736
1752483600,1.16826,1.16972,1.16796,1.16857,20834
1752498000,1.16856,1.1696,1.16602,1.16624,30769
1752512400,1.16624,1.1673,1.16592,1.16656,12309
1752526800,1.1665,1.16772,1.16605,1.16722,7219
1752541200,1.16724,1.168,1.16654,1.1676,12156
1752555600,1.1676,1.16928,1.16718,1.1687,18899
1752570000,1.1687,1.16911,1.16624,1.16781,27032
1752584400,1.1678,1.16792,1.15938,1.15962,51493
1752598800,1.15966,1.16053,1.15929,1.16024,13027
1752613200,1.15998,1.16134,1.1599,1.1608,7318
1752627600,1.16081,1.162,1.16062,1.16198,14096
1752642000,1.16198,1.16285,1.16128,1.16256,22009
1752656400,1.16256,1.16264,1.1593,1.15986,27929
1752670800,1.15986,1.17217,1.15624,1.16392,114944
1752685200,1.16392,1.16586,1.162,1.16417,27699
1752699600,1.16372,1.16426,1.16172,1.16239,8185
1752714000,1.1624,1.16291,1.16136,1.16244,14303
1752728400,1.16244,1.16274,1.15731,1.16016,28869
1752742800,1.16017,1.16047,1.15569,1.15871,23447
1752757200,1.15872,1.16027,1.15778,1.15862,32124
1752771600,1.15862,1.16004,1.158,1.15976,13746
1752786000,1.1594,1.16276,1.15938,1.16246,8704
1752800400,1.16247,1.16344,1.16184,1.16192,12610
1752814800,1.16192,1.16458,1.1612,1.16355,20766
1752829200,1.16356,1.16586,1.16322,1.16564,23265
1752843600,1.16564,1.16722,1.16264,1.16286,35762
1752858000,1.16286,1.16299,1.16172,1.16255,15385
1753045200,1.16297,1.16364,1.16189,1.16192,11233
1753059600,1.1619,1.16302,1.16147,1.16293,12054
1753074000,1.16294,1.16523,1.16278,1.16422,23220
1753088400,1.16423,1.16734,1.16336,1.16651,21832
1753102800,1.1665,1.17168,1.16578,1.17002,31052
1753117200,1.17,1.17016,1.1686,1.16956,13390
1753131600,1.16928,1.1696,1.16836,1.16885,6068
1753146000,1.16886,1.16956,1.16826,1.16884,9237
1753160400,1.16884,1.17035,1.16818,1.16985,18840
1753174800,1.16986,1.17094,1.16832,1.16906,19419
1753189200,1.16906,1.17608,1.16788,1.1755,39574
1753203600,1.17552,1.17554,1.1742,1.17544,12374
1753218000,1.17544,1.17562,1.17336,1.17472,12532
1753232400,1.17472,1.17488,1.17306,1.1735,19842
1753246800,1.1735,1.1753,1.17272,1.17329,26570
1753261200,1.17329,1.17396,1.17202,1.1725,25057
1753275600,1.17249,1.1761,1.1711,1.17512,44791
1753290000,1.17513,1.17752,1.17456,1.1773,23593
1753304400,1.17702,1.17792,1.17622,1.17671,8518
1753318800,1.1767,1.17802,1.17668,1.17743,15880
1753333200,1.17742,1.17782,1.17551,1.1758,24944
1753347600,1.17582,1.17594,1.1732,1.17361,24728
1753362000,1.17362,1.17888,1.17306,1.17628,48807
1753376400,1.17628,1.17782,1.17454,1.1749,15830
1753390800,1.17394,1.1759,1.17392,1.17544,8525
1753405200,1.17545,1.17586,1.1734,1.17402,15738
1753419600,1.17403,1.1761,1.17374,1.17433,31004
1753434000,1.17432,1.17436,1.17114,1.17183,26077
1753448400,1.17186,1.17387,1.1703,1.1729,49246
1753462800,1.17288,1.17472,1.17288,1.17417,16132
1753650000,1.17558,1.17706,1.17512,1.17639,14454
1753664400,1.1764,1.177,1.17459,1.17475,18648
1753678800,1.17473,1.17478,1.16706,1.16791,36746
1753693200,1.16788,1.16844,1.16438,1.16581,40314
1753707600,1.1658,1.16621,1.15985,1.15992,41222
1753722000,1.15991,1.16016,1.15853,1.15887,14972
1753736400,1.15912,1.15976,1.15846,1.15852,7308
1753750800,1.15852,1.15994,1.15746,1.15888,15046
1753765200,1.15887,1.15905,1.1527,1.15692,41541
1753779600,1.15692,1.15885,1.15251,1.15251,33734
1753794000,1.1525,1.15519,1.1519,1.15416,49776
1753808400,1.15416,1.15607,1.15375,1.15454,19315
1753822800,1.15474,1.15678,1.15462,1.15673,7872
1753837200,1.15674,1.15728,1.15506,1.15513,16115
1753851600,1.15512,1.15688,1.15402,1.15568,26802
1753866000,1.15568,1.15606,1.1469,1.1473,39146
1753880400,1.1473,1.14853,1.14582,1.1474,42481
1753894800,1.1474,1.15035,1.1401,1.14055,56943
1753909200,1.14066,1.14376,1.14033,1.14343,10486
1753923600,1.14342,1.14382,1.14076,1.14358,19199
1753938000,1.14355,1.14608,1.1431,1.14502,31445
1753952400,1.14502,1.14511,1.14207,1.14286,31401
1753966800,1.14287,1.145,1.14057,1.14226,45899
1753981200,1.14226,1.1433,1.14096,1.14148,17871
1753995600,1.14172,1.14289,1.14118,1.14243,11299
1754010000,1.14243,1.14288,1.14049,1.14192,17510
1754024400,1.1419,1.1438,1.14055,1.14066,24511
1754038800,1.14066,1.15587,1.13916,1.15454,55984
1754053200,1.15455,1.15884,1.15361,1.15394,98087
1754067600,1.15393,1.15971,1.15165,1.15874,37979
1754254800,1.15924,1.1597,1.15559,1.1558,15802
1754269200,1.1558,1.1586,1.15502,1.15746,22001
1754283600,1.15748,1.15834,1.15496,1.15582,34390
1754298000,1.15582,1.15884,1.15551,1.15753,34419
1754312400,1.15755,1.15886,1.1557,1.15721,44315
1754326800,1.1572,1.15776,1.15631,1.15726,17016
1754341200,1.15704,1.1588,1.15682,1.15719,10278
1754355600,1.15718,1.15742,1.15542,1.15584,14092
1754370000,1.15583,1.15624,1.15315,1.15369,26926
1754384400,1.15368,1.15485,1.15278,1.15373,29177
1754398800,1.15374,1.15861,1.15322,1.1583,45170
1754413200,1.15831,1.15836,1.15664,1.15752,13379
1754427600,1.15742,1.15853,1.1571,1.15738,6839
1754442000,1.15736,1.15865,1.15643,1.1583,13237
1754456400,1.15826,1.15883,1.15704,1.15752,20177
1754470800,1.1575,1.16286,1.15744,1.16237,25669
1754485200,1.16236,1.16484,1.16173,1.16346,42011
1754499600,1.16346,1.16686,1.16331,1.16602,17587
1754514000,1.16577,1.1666,1.1651,1.16524,8010
1754528400,1.16525,1.16766,1.16495,1.16714,13305
1754542800,1.16714,1.16988,1.1668,1.16828,25156
1754557200,1.1683,1.16848,1.1634,1.1651,36127
1754571600,1.16511,1.16586,1.1611,1.16382,46095
1754586000,1.16384,1.16716,1.16193,1.1664,21038
1754600400,1.16654,1.16794,1.16614,1.16726,10615
1754614800,1.16728,1.16738,1.16552,1.16584,14944
1754629200,1.16582,1.16646,1.16346,1.16372,24431
1754643600,1.16372,1.16544,1.1629,1.16418,27441
1754658000,1.16419,1.16679,1.16416,1.16564,30268
1754672400,1.16564,1.1667,1.16364,1.16416,16959
1754859600,1.16496,1.16512,1.16419,1.16475,6898
1754874000,1.16474,1.16756,1.16454,1.1672,12654
1754888400,1.1672,1.16738,1.16441,1.16549,19648
1754902800,1.16547,1.16582,1.16141,1.16202,25235
1754917200,1.16203,1.16278,1.15902,1.16075,30121
1754931600,1.16076,1.16196,1.15986,1.1616,12405
1754946000,1.16147,1.162,1.16105,1.16152,8379
1754960400,1.16152,1.16279,1.16144,1.16276,15429
1754974800,1.16275,1.16292,1.1608,1.16149,29493
1754989200,1.16148,1.16559,1.15988,1.16424,45611
1755003600,1.16423,1.16974,1.16174,1.16798,70064
1755018000,1.16798,1.16806,1.16646,1.16732,18465
1755032400,1.16804,1.16808,1.16692,1.168,7133
1755046800,1.16799,1.16877,1.16706,1.16842,14216
1755061200,1.16841,1.17207,1.16765,1.17142,27205
1755075600,1.17141,1.17303,1.16972,1.1699,25081
1755090000,1.1699,1.17236,1.1693,1.17069,34324
1755104400,1.1707,1.17108,1.1696,1.17049,11622
1755118800,1.17058,1.1715,1.17024,1.17114,7360
1755133200,1.17113,1.17153,1.1699,1.17039,14377
1755147600,1.17038,1.17066,1.1668,1.16683,26415
1755162000,1.16684,1.16974,1.16496,1.16639,38867
1755176400,1.1664,1.16716,1.1631,1.16344,44113
1755190800,1.16346,1.16504,1.16313,1.16488,13374
1755205200,1.16502,1.16535,1.16462,1.16522,5726
1755219600,1.16526,1.16648,1.16485,1.1663,11040
1755234000,1.16628,1.16854,1.16613,1.16823,21115
1755248400,1.16822,1.17001,1.16735,1.16942,27306
1755262800,1.16942,1.17154,1.16819,1.17038,36597
1755277200,1.17039,1.17082,1.16986,1.1705,10899
1755464400,1.17133,1.17162,1.17001,1.17016,6905
1755478800,1.17016,1.17104,1.16936,1.17086,11902
1755493200,1.17084,1.17091,1.1671,1.16819,23511
1755507600,1.1682,1.16885,1.16664,1.16766,20610
1755522000,1.16766,1.16846,1.1656,1.1658,26471
1755536400,1.16578,1.16706,1.16568,1.16612,11697
1755550800,1.16617,1.16752,1.16558,1.16586,6824
1755565200,1.16586,1.16624,1.16392,1.16608,15424
1755579600,1.16608,1.16844,1.16511,1.1675,21231
1755594000,1.16751,1.16929,1.16726,1.16756,19277
1755608400,1.16756,1.16783,1.16544,1.16563,26359
1755622800,1.16564,1.16608,1.16423,1.16465,11146
1755637200,1.16482,1.1651,1.16315,1.16389,8133
1755651600,1.16388,1.16423,1.16222,1.16344,15094
1755666000,1.16345,1.16469,1.16232,1.16379,23618
1755680400,1.16378,1.16739,1.16349,1.16711,21982
1755694800,1.16712,1.1672,1.16462,1.16598,30649
1755709200,1.16598,1.16726,1.16469,1.165,13377
1755723600,1.16531,1.16558,1.16414,1.16468,7914
1755738000,1.1647,1.16507,1.16412,1.16457,12163
1755752400,1.16456,1.16614,1.1625,1.16548,23329
1755766800,1.16548,1.16629,1.16366,1.16466,23426
1755781200,1.16466,1.165,1.16012,1.16112,42056
1755795600,1.16112,1.16186,1.16036,1.16064,11521
1755810000,1.16066,1.16167,1.1605,1.1615,7322
1755824400,1.16149,1.16158,1.1583,1.15845,12912
1755838800,1.15844,1.15996,1.15833,1.15995,18281
1755853200,1.15995,1.16138,1.15936,1.1609,18525
1755867600,1.16088,1.17322,1.15976,1.17219,70891
1755882000,1.17222,1.17428,1.1715,1.17219,18821
1756069200,1.17236,1.17284,1.16954,1.1698,7458
1756083600,1.16982,1.17079,1.16937,1.17059,10483
1756098000,1.17058,1.17205,1.16946,1.17041,17342
1756112400,1.1704,1.17046,1.16853,1.16998,16261
1756126800,1.16998,1.17092,1.16514,1.16548,29374
1756141200,1.1655,1.1656,1.16028,1.16204,19843
1756155600,1.16189,1.16601,1.16102,1.16479,20879
1756170000,1.16478,1.16502,1.16238,1.1632,18397
1756184400,1.16321,1.16444,1.16022,1.1618,32849
1756198800,1.1618,1.16608,1.16177,1.16462,26644
1756213200,1.16463,1.16654,1.16371,1.16488,32759
1756227600,1.16488,1.16529,1.16335,1.16408,14670
1756242000,1.16457,1.1648,1.16337,1.1637,7332
1756256400,1.1637,1.16408,1.16122,1.16143,11645
1756270800,1.1614,1.16239,1.1577,1.15888,22460
1756285200,1.15888,1.15984,1.1574,1.15865,23284
1756299600,1.15864,1.16409,1.15822,1.16382,32811
1756314000,1.16382,1.16429,1.1628,1.16376,14191
1756328400,1.16376,1.16495,1.16364,1.16457,6331
1756342800,1.16458,1.16548,1.16388,1.16398,10712
1756357200,1.16399,1.16498,1.1629,1.16424,21006
1756371600,1.16426,1.16873,1.16426,1.16696,28937
1756386000,1.16696,1.16902,1.16586,1.16895,34128
1756400400,1.16894,1.16975,1.16779,1.16825,11558
1756414800,1.16824,1.16828,1.16726,1.16748,8334
1756429200,1.16748,1.16764,1.16561,1.16648,13193
1756443600,1.16649,1.16904,1.16612,1.16758,21698
1756458000,1.1676,1.16828,1.16508,1.16587,23743
1756472400,1.16586,1.1709,1.16536,1.17017,38662
1756486800,1.17017,1.1703,1.16811,1.16858,11542
1756674000,1.1696,1.16982,1.16868,1.16972,5818
1756688400,1.16974,1.17146,1.16881,1.17084,13060
1756702800,1.17084,1.17365,1.17081,1.17352,21786
1756717200,1.17353,1.17363,1.17064,1.17075,19873
1756731600,1.17075,1.17163,1.16966,1.17048,17556
1756746000,1.17048,1.1714,1.17014,1.17114,4603
1756760400,1.17094,1.17183,1.17032,1.17046,7376
1756774800,1.17045,1.17071,1.16896,1.16934,16469
1756789200,1.16934,1.17066,1.16338,1.1645,41579
1756803600,1.16452,1.16532,1.1613,1.16172,42998
1756818000,1.16172,1.16826,1.1615,1.1644,45810
1756832400,1.1644,1.16484,1.16297,1.16424,13547
1756846800,1.16422,1.16455,1.16289,1.1633,6404
1756861200,1.16331,1.16355,1.1622,1.16318,13644
1756875600,1.16317,1.16578,1.16082,1.16566,27305
1756890000,1.16566,1.1665,1.16397,1.16482,26236
1756904400,1.16484,1.16822,1.16386,1.16753,40875
1756918800,1.16754,1.16772,1.16558,1.16612,12906
1756933200,1.16618,1.16634,1.16548,1.16588,8350
1756947600,1.16588,1.16696,1.16504,1.16518,13239
1756962000,1.16516,1.16614,1.1644,1.16578,21231
1756976400,1.16576,1.16598,1.163,1.16458,29727
1756990800,1.16458,1.16558,1.16314,1.16395,34141
1757005200,1.16395,1.16525,1.16345,1.16507,10426
1757019600,1.16494,1.1661,1.1648,1.16598,7614
1757034000,1.16598,1.16746,1.16597,1.16669,11220
1757048400,1.1667,1.16846,1.1665,1.16834,18871
1757062800,1.16834,1.17506,1.16779,1.17344,41659
1757077200,1.17344,1.17596,1.1714,1.1739,56921
1757091600,1.1739,1.17393,1.17131,1.1718,15173
1757278800,1.1714,1.17226,1.17036,1.17131,12418
1757293200,1.17132,1.17176,1.17062,1.17131,19181
1757307600,1.1713,1.1743,1.17118,1.17314,24943
1757322000,1.17313,1.17416,1.172,1.17377,21746
1757336400,1.17376,1.17564,1.17351,1.17406,30147
1757350800,1.17407,1.17658,1.1735,1.17633,13356
1757365200,1.17619,1.17745,1.17586,1.17715,7554
1757379600,1.17714,1.1778,1.17634,1.17728,11204
1757394000,1.17728,1.17801,1.17442,1.17595,31462
1757408400,1.17596,1.17724,1.17277,1.17376,26819
1757422800,1.17374,1.17628,1.17156,1.17189,48230
1757437200,1.1719,1.17236,1.17039,1.1711,16220
1757451600,1.17096,1.1714,1.16962,1.1697,9421
1757466000,1.16971,1.17157,1.16892,1.17151,17170
1757480400,1.1715,1.17186,1.16825,1.17,29052
1757494800,1.16999,1.17276,1.16912,1.17006,35547
1757509200,1.17007,1.1731,1.1696,1.17056,38705
1757523600,1.17056,1.17122,1.16935,1.16943,13273
1757538000,1.16954,1.17068,1.16936,1.1694,6676
1757552400,1.16938,1.17028,1.1693,1.16994,9156
1757566800,1.16996,1.16996,1.16838,1.16921,25427
1757581200,1.1692,1.1721,1.16606,1.17152,47243
1757595600,1.17152,1.17461,1.1714,1.17365,50660
1757610000,1.17366,1.17398,1.17278,1.17354,14888
1757624400,1.17333,1.17406,1.17273,1.1733,8925
1757638800,1.17331,1.17345,1.1721,1.17257,12062
1757653200,1.17258,1.17478,1.17158,1.17174,24654
1757667600,1.17174,1.17359,1.1701,1.17123,28763
1757682000,1.17124,1.17318,1.17034,1.1727,32503
1757696400,1.1727,1.17417,1.17269,1.17352,13385
1757883600,1.17331,1.17356,1.17219,1.17268,5656
1757898000,1.17268,1.17355,1.17229,1.17342,9761
1757912400,1.17342,1.17444,1.17162,1.17372,21943
1757926800,1.17373,1.1771,1.17364,1.17696,24770
1757941200,1.17696,1.17746,1.17509,1.17583,28267
1757955600,1.17582,1.17729,1.17581,1.17609,12028
1757970000,1.17634,1.17666,1.17574,1.1762,7316
1757984400,1.17621,1.1787,1.17582,1.1777,16291
1757998800,1.17771,1.18038,1.17736,1.1795,26758
1758013200,1.17952,1.18214,1.179,1.18049,37388
1758027600,1.18048,1.18719,1.18042,1.18645,46856
1758042000,1.18644,1.18784,1.18579,1.18668,20367
1758056400,1.18606,1.1873,1.18578,1.18582,7739
1758070800,1.18581,1.18594,1.18513,1.1854,11791
1758085200,1.1854,1.186,1.1838,1.18482,21536
1758099600,1.18484,1.18498,1.18328,1.18436,23556
1758114000,1.18436,1.18593,1.18423,1.18532,26265
1758128400,1.18531,1.19188,1.18078,1.18126,94980
1758142800,1.18127,1.1829,1.18124,1.18254,13399
1758157200,1.18253,1.18288,1.17938,1.1795,20097
1758171600,1.17951,1.18386,1.17804,1.18277,36166
1758186000,1.18278,1.18484,1.17954,1.17956,38493
1758200400,1.17956,1.17964,1.17501,1.17871,55447
1758214800,1.1787,1.1794,1.17815,1.17861,17512
1758229200,1.17889,1.17907,1.17754,1.17867,10715
1758243600,1.17866,1.17928,1.17704,1.1774,23867
1758258000,1.1774,1.17784,1.17508,1.1761,39330
1758272400,1.1761,1.17688,1.17288,1.17362,32601
1758286800,1.17361,1.1768,1.17355,1.17532,38855
1758301200,1.17531,1.17553,1.17408,1.17472,12722
1758488400,1.17385,1.17492,1.17262,1.17346,8781
1758502800,1.17346,1.1741,1.17266,1.17308,16470
1758517200,1.17308,1.17692,1.173,1.17624,25445
1758531600,1.17624,1.17874,1.17618,1.17832,24121
1758546000,1.17834,1.17904,1.17629,1.17882,30332
1758560400,1.17884,1.18032,1.17856,1.18025,10089
1758574800,1.1798,1.18074,1.17952,1.18063,7880
1758589200,1.18062,1.182,1.17968,1.17977,14991
1758603600,1.17976,1.18054,1.1779,1.18028,33604
1758618000,1.1803,1.18125,1.17844,1.1797,24615
1758632400,1.17968,1.18092,1.17841,1.1805,40833
1758646800,1.18049,1.18183,1.1803,1.18148,17858
1758661200,1.18139,1.18194,1.18032,1.18039,10443
1758675600,1.1804,1.18052,1.1795,1.1803,18279
1758690000,1.1803,1.18052,1.17664,1.1772,27901
1758704400,1.17721,1.1775,1.17394,1.17426,29069
1758718800,1.17426,1.17464,1.17282,1.17326,43229
1758733200,1.17327,1.17407,1.17317,1.1738,16346
1758747600,1.17395,1.17484,1.17384,1.17474,8187
1758762000,1.17475,1.17538,1.17406,1.17521,13240
1758776400,1.1752,1.17524,1.17306,1.17428,28485
1758790800,1.1743,1.1754,1.16876,1.16981,37870
1758805200,1.16981,1.17104,1.16667,1.1671,51811
1758819600,1.16708,1.16723,1.16456,1.1666,21694
1758834000,1.16615,1.16716,1.16582,1.16714,19208
1758848400,1.16716,1.1682,1.16655,1.168,13489
1758862800,1.168,1.1688,1.16685,1.16806,26650
1758877200,1.16806,1.16863,1.16616,1.16832,32549
1758891600,1.1683,1.17048,1.16782,1.16928,45683
1758906000,1.16928,1.17074,1.16908,1.17002,15628
1759093200,1.1703,1.17234,1.1702,1.17216,10172
1759107600,1.17216,1.17332,1.17144,1.17271,14146
1759122000,1.17272,1.17334,1.1708,1.17238,27988
1759136400,1.17238,1.17512,1.17092,1.175,31133
1759150800,1.17499,1.17546,1.17228,1.17294,36006
1759165200,1.17294,1.1733,1.17202,1.17267,12250
1759179600,1.1727,1.17325,1.17127,1.17208,9165
1759194000,1.1721,1.17288,1.17122,1.17287,16629
1759208400,1.17286,1.17618,1.17282,1.17556,30594
1759222800,1.17556,1.17586,1.17332,1.17373,25571
1759237200,1.17372,1.17591,1.17165,1.17565,46945
1759251600,1.17566,1.17614,1.17331,1.17336,16053
1759266000,1.17356,1.17428,1.17297,1.1736,11964
1759280400,1.17362,1.17588,1.17304,1.17583,11232
1759294800,1.17587,1.17787,1.1742,1.17495,43498
1759309200,1.17496,1.1769,1.1716,1.17492,52596
1759323600,1.17492,1.17635,1.17155,1.17228,62494
1759338000,1.17229,1.17419,1.17216,1.17312,18222
1759352400,1.17308,1.17375,1.17246,1.17298,12088
1759366800,1.17298,1.1742,1.17238,1.17344,11055
1759381200,1.17343,1.17568,1.17296,1.17538,27105
1759395600,1.17539,1.17584,1.17344,1.17376,26547
1759410000,1.17376,1.1744,1.16832,1.1715,47730
1759424400,1.17149,1.17269,1.17124,1.17165,13509
1759438800,1.17146,1.1726,1.17146,1.17242,6520
1759453200,1.17243,1.17293,1.17162,1.1718,13591
1759467600,1.1718,1.17446,1.17149,1.17402,24355
1759482000,1.17402,1.17429,1.1727,1.17395,25225
1759496400,1.17396,1.17594,1.17327,1.17398,43076
1759510800,1.17398,1.17445,1.17268,1.17429,14030
1759698000,1.17266,1.17284,1.17064,1.17162,22165
1759712400,1.17162,1.17309,1.17101,1.17202,18284
1759726800,1.17202,1.17254,1.16518,1.16677,50132
1759741200,1.16676,1.16898,1.16526,1.16891,38945
1759755600,1.16892,1.1721,1.16838,1.17122,36226
1759770000,1.17122,1.1717,1.17085,1.17134,12945
1759784400,1.17102,1.17155,1.17044,1.1709,11896
1759798800,1.1709,1.1709,1.16944,1.16983,10512
1759813200,1.16982,1.16998,1.16652,1.16658,27115
1759827600,1.16659,1.1676,1.16538,1.1667,29651
1759842000,1.1667,1.16812,1.16548,1.16702,40019
1759856400,1.16702,1.16794,1.16477,1.16585,17984
1759870800,1.16568,1.16614,1.16456,1.16474,12149
1759885200,1.16473,1.16473,1.16161,1.16192,21264
1759899600,1.1619,1.16356,1.1607,1.16146,33462
1759914000,1.16148,1.1638,1.1606,1.16324,31298
1759928400,1.16324,1.16448,1.15984,1.16054,37313
1759942800,1.16056,1.16324,1.15995,1.1628,22747
1759957200,1.1627,1.16412,1.16238,1.16372,13611
1759971600,1.16372,1.16478,1.16366,1.16456,14930
1759986000,1.16456,1.16483,1.1603,1.16126,34323
1760000400,1.16125,1.16275,1.1605,1.16151,35123
1760014800,1.16152,1.16232,1.15472,1.1558,63680
1760029200,1.15579,1.1567,1.1542,1.15648,22157
1760043600,1.1561,1.15708,1.1557,1.15677,11189
1760058000,1.15678,1.15743,1.15626,1.15738,12073
1760072400,1.15737,1.15896,1.1561,1.15788,31731
1760086800,1.15788,1.15836,1.15592,1.15719,28634
1760101200,1.15718,1.16308,1.15619,1.16058,70432
1760115600,1.16058,1.16291,1.15971,1.16224,24470
1760302800,1.16114,1.16166,1.15922,1.16159,18325
1760317200,1.1616,1.16276,1.16097,1.16204,16758
1760331600,1.16205,1.16299,1.15816,1.15856,36749
1760346000,1.15854,1.15982,1.15616,1.15688,31774
1760360400,1.15686,1.15794,1.15575,1.15754,33241
1760374800,1.15754,1.15777,1.15652,1.15707,12643
1760389200,1.15704,1.15741,1.15552,1.15613,10685
1760403600,1.15614,1.15928,1.15608,1.1592,19672
1760418000,1.1592,1.15936,1.15424,1.15594,46555
1760432400,1.15594,1.15653,1.15464,1.15556,36361
1760446800,1.15556,1.16152,1.15544,1.16095,61276
1760461200,1.16093,1.16123,1.15999,1.16079,23502
1760475600,1.16078,1.16142,1.16019,1.16105,9505
1760490000,1.16106,1.16259,1.16071,1.16184,19230
1760504400,1.16186,1.16456,1.16176,1.16328,33849
1760518800,1.16325,1.16394,1.16139,1.16176,31535
1760533200,1.16177,1.16474,1.16104,1.164,48130
1760547600,1.16399,1.16478,1.1627,1.16466,21869
1760562000,1.16458,1.16671,1.1643,1.16632,12491
1760576400,1.16634,1.16754,1.16558,1.16562,19549
1760590800,1.16561,1.16681,1.16432,1.1659,35591
1760605200,1.1659,1.1664,1.16464,1.16606,32070
1760619600,1.16608,1.16791,1.16501,1.16771,49818
1760634000,1.16772,1.16942,1.16768,1.16877,29897
1760648400,1.16857,1.17114,1.16857,1.17068,10717
1760662800,1.17067,1.17123,1.16953,1.17099,20548
1760677200,1.171,1.17285,1.16916,1.16972,50418
1760691600,1.16974,1.17076,1.16671,1.16766,37700
1760706000,1.16765,1.16814,1.16567,1.16709,48451
1760720400,1.16708,1.16759,1.16502,1.16511,21375
1760907600,1.1667,1.16672,1.16519,1.16666,11002
1760922000,1.16666,1.1674,1.16566,1.16716,14454
1760936400,1.16714,1.16756,1.16536,1.16635,29640
1760950800,1.16637,1.16678,1.16444,1.16535,33410
1760965200,1.16536,1.16646,1.16464,1.16496,33256
1760979600,1.16493,1.1653,1.16382,1.16413,14954
1760994000,1.16426,1.16553,1.16416,1.16532,7834
1761008400,1.16531,1.16531,1.16319,1.1636,17047
1761022800,1.16362,1.16378,1.16127,1.16212,35538
1761037200,1.16213,1.16273,1.16019,1.16112,39299
1761051600,1.16111,1.16248,1.15977,1.1609,51395
1761066000,1.1609,1.16102,1.15991,1.16,16834
1761080400,1.15998,1.1608,1.1599,1.16048,9334
1761094800,1.16047,1.1611,1.16014,1.16092,12422
1761109200,1.16092,1.16158,1.15898,1.15976,33369
1761123600,1.15976,1.16021,1.1577,1.1583,29263
1761138000,1.15831,1.16226,1.1582,1.16195,42677
1761152400,1.16196,1.16207,1.16048,1.161,18292
1761166800,1.16124,1.16146,1.15976,1.16042,7697
1761181200,1.16042,1.16056,1.15906,1.15988,12015
1761195600,1.15987,1.16062,1.15907,1.15963,22593
1761210000,1.15964,1.1606,1.15854,1.16006,22756
1761224400,1.16008,1.162,1.15982,1.1607,33612
1761238800,1.16068,1.16202,1.16043,1.16181,12727
1761253200,1.16168,1.16217,1.1615,1.1618,6770
1761267600,1.1618,1.16188,1.16056,1.16076,9340
1761282000,1.16075,1.16281,1.16009,1.16104,27513
1761296400,1.16104,1.16503,1.16052,1.16343,36479
1761310800,1.16344,1.16434,1.16182,1.16257,43265
1761325200,1.16255,1.1636,1.16208,1.16254,17251
1761512400,1.16358,1.16376,1.16258,1.1635,11203
1761526800,1.1635,1.16479,1.16209,1.16246,11663
1761541200,1.16246,1.16334,1.16178,1.16281,22043
1761555600,1.16281,1.16517,1.16261,1.16414,25924
1761570000,1.16414,1.1643,1.16316,1.16387,28475
1761584400,1.16388,1.1652,1.16351,1.1645,14702
1761598800,1.16456,1.16588,1.16448,1.16558,8927
1761613200,1.16557,1.16676,1.16539,1.16663,13625
1761627600,1.16662,1.16681,1.16487,1.16521,23325
1761642000,1.1652,1.1665,1.16349,1.16402,25754
1761656400,1.16402,1.1668,1.16256,1.16678,37706
1761670800,1.16678,1.16688,1.16511,1.16522,16779
1761685200,1.1651,1.1661,1.16486,1.16546,12234
1761699600,1.16545,1.16561,1.16315,1.16341,13765
1761714000,1.16342,1.1638,1.16232,1.16233,23443
1761728400,1.16232,1.16488,1.16188,1.1634,26496
1761742800,1.1634,1.16659,1.16316,1.16572,33075
1761757200,1.16571,1.1659,1.15776,1.16006,70057
1761771600,1.1601,1.16156,1.1597,1.1612,8539
1761786000,1.16122,1.16374,1.1607,1.1632,24934
1761800400,1.16321,1.16342,1.16065,1.16172,29749
1761814800,1.16172,1.16284,1.15532,1.15552,33308
1761829200,1.1555,1.15864,1.1547,1.15694,44896
1761843600,1.15692,1.15724,1.15604,1.15653,15612
1761858000,1.15673,1.15772,1.15647,1.15738,7887
1761872400,1.15738,1.15776,1.1565,1.15721,11814
1761886800,1.15722,1.15734,1.1555,1.15708,19741
1761901200,1.15708,1.15769,1.15534,1.1556,23864
1761915600,1.15558,1.15564,1.15219,1.15302,43699
1761930000,1.15303,1.15397,1.15216,1.15363,15520
1762120800,1.15317,1.15388,1.15216,1.15271,15963
1762135200,1.15273,1.15377,1.15265,1.1535,12216
1762149600,1.1535,1.15414,1.15096,1.15145,22643
1762164000,1.15144,1.15224,1.15059,1.15111,24746
1762178400,1.1511,1.15379,1.15052,1.15272,33911
1762192800,1.15274,1.15311,1.15162,1.1519,13142
1762207200,1.152,1.15211,1.14982,1.15102,10523
1762221600,1.15101,1.15178,1.15051,1.15126,11674
1762236000,1.15128,1.15337,1.15,1.15011,27098
1762250400,1.1501,1.151,1.14768,1.14922,25611
1762264800,1.14921,1.14966,1.14732,1.1484,29827
1762279200,1.14838,1.14872,1.14752,1.14826,13382
1762293600,1.14834,1.14981,1.14797,1.14894,12415
1762308000,1.14895,1.14944,1.1485,1.14918,11268
1762322400,1.1492,1.14954,1.14814,1.14846,19423
1762336800,1.14846,1.14936,1.14729,1.14736,22518
1762351200,1.14736,1.14932,1.14686,1.14805,38827
1762365600,1.14804,1.14942,1.14788,1.14925,11100
1762380000,1.14913,1.1509,1.14907,1.15075,8959
1762394400,1.15074,1.1511,1.15032,1.15102,8462
1762408800,1.151,1.1524,1.15054,1.15136,20894
1762423200,1.15136,1.15441,1.15102,1.15356,24341
1762437600,1.15356,1.15429,1.1519,1.15408,38429
1762452000,1.15408,1.15523,1.15392,1.15471,15018
1762466400,1.1545,1.15515,1.15362,1.1538,16129
1762480800,1.1538,1.1543,1.15324,1.15341,10372
1762495200,1.15344,1.15424,1.15296,1.15382,17754
1762509600,1.15382,1.15698,1.15375,1.15676,24865
1762524000,1.15676,1.15911,1.15656,1.15804,29882
1762538400,1.15805,1.15836,1.15554,1.15664,13542
1762725600,1.15578,1.15605,1.15416,1.15582,16622
1762740000,1.15582,1.15666,1.15512,1.1562,11443
1762754400,1.1562,1.15831,1.15515,1.15683,22375
1762768800,1.15682,1.15781,1.15541,1.1568,21109
1762783200,1.1568,1.15685,1.15412,1.15606,28306
1762797600,1.15607,1.15649,1.15552,1.15571,10259
1762812000,1.15564,1.15605,1.15472,1.15548,9963
1762826400,1.15548,1.15652,1.15519,1.15616,10110
1762840800,1.15616,1.15684,1.15496,1.15649,22036
1762855200,1.15648,1.16059,1.15627,1.1601,26113
1762869600,1.16012,1.16054,1.15906,1.1595,25707
1762884000,1.15949,1.15956,1.15812,1.15825,11623
1762898400,1.1587,1.15872,1.15746,1.15756,8995
1762912800,1.15755,1.15816,1.15701,1.15762,9925
1762927200,1.15763,1.15885,1.15684,1.15702,20033
1762941600,1.15702,1.15803,1.15651,1.15721,23087
1762956000,1.15722,1.15977,1.1563,1.15931,28198
1762970400,1.15932,1.15944,1.1584,1.15932,10568
1762984800,1.1593,1.15942,1.1579,1.15894,12505
1762999200,1.15894,1.1593,1.15804,1.15818,8413
1763013600,1.15818,1.16349,1.15812,1.16166,26149
1763028000,1.16166,1.1625,1.16047,1.16206,25708
1763042400,1.16206,1.16562,1.1617,1.16512,35724
1763056800,1.16513,1.16519,1.16308,1.16345,16092
1763071200,1.16372,1.16393,1.16234,1.16334,13466
1763085600,1.16332,1.16483,1.16298,1.16478,13287
1763100000,1.16478,1.16486,1.16204,1.16216,31999
1763114400,1.16216,1.16538,1.16089,1.16378,34305
1763128800,1.16376,1.16384,1.1606,1.16141,36221
1763143200,1.16142,1.16236,1.16098,1.1622,13910
1763330400,1.16199,1.16246,1.16051,1.16066,11208
1763344800,1.16064,1.16066,1.15964,1.16004,9106
1763359200,1.16004,1.1615,1.15952,1.16014,20079
1763373600,1.16015,1.16083,1.15886,1.15912,21080
1763388000,1.15913,1.1602,1.1582,1.15938,25153
1763402400,1.15939,1.15955,1.15826,1.15923,13404
1763416800,1.15923,1.15942,1.15846,1.15909,9253
1763431200,1.1591,1.16038,1.15882,1.15978,12199
1763445600,1.15978,1.16064,1.15872,1.15894,23734
1763460000,1.15893,1.16022,1.15796,1.15968,24368
1763474400,1.15968,1.16078,1.15715,1.15756,33967
1763488800,1.15758,1.15872,1.15752,1.15807,14130
1763503200,1.15818,1.15852,1.1576,1.15769,10862
1763517600,1.15768,1.15908,1.15725,1.1589,11729
1763532000,1.15891,1.15975,1.15656,1.15734,24736
1763546400,1.15734,1.1591,1.15676,1.15729,25603
1763560800,1.15727,1.15738,1.1526,1.15332,33940
1763575200,1.15332,1.15389,1.15178,1.15384,20899
1763589600,1.1539,1.15423,1.15224,1.15229,11393
1763604000,1.15228,1.15237,1.15101,1.15158,13408
1763618400,1.15156,1.15278,1.15114,1.15275,24664
1763632800,1.15276,1.15389,1.15024,1.15278,34628
1763647200,1.15277,1.155,1.15201,1.15288,47511
1763661600,1.15287,1.15407,1.15239,1.15285,16990
1763676000,1.15275,1.15384,1.15236,1.15325,13018
1763690400,1.15326,1.15422,1.15324,1.15352,12278
1763704800,1.15352,1.15525,1.1525,1.15252,30300
1763719200,1.15251,1.1527,1.14966,1.15208,37383
1763733600,1.15211,1.15236,1.14912,1.15072,40679
1763748000,1.15074,1.1521,1.1502,1.1513,16139
1763935200,1.15193,1.15193,1.15019,1.15106,8237
1763949600,1.15105,1.15284,1.15104,1.15226,10884
1763964000,1.15226,1.15344,1.15097,1.15298,22644
1763978400,1.15298,1.15506,1.15298,1.15385,23042
1763992800,1.15386,1.15413,1.15116,1.1518,27003
1764007200,1.1518,1.15292,1.15172,1.15216,10894
1764021600,1.15218,1.15301,1.15188,1.15258,9683
1764036000,1.1526,1.15303,1.15116,1.15168,11597
1764050400,1.15169,1.15368,1.15148,1.15341,23367
1764064800,1.15339,1.15624,1.15247,1.15582,33490
1764079200,1.15582,1.15841,1.155,1.15824,41413
1764093600,1.15826,1.15861,1.1558,1.15697,18577
1764108000,1.15706,1.15832,1.15633,1.15772,14776
1764122400,1.15772,1.15916,1.15748,1.15909,17122
1764136800,1.1591,1.1596,1.15656,1.1572,25701
1764151200,1.1572,1.15842,1.15484,1.15525,42152
1764165600,1.15524,1.16009,1.15471,1.1593,36068
1764180000,1.15931,1.15974,1.15894,1.15963,13499
1764194400,1.15935,1.16126,1.15924,1.16092,10350
1764208800,1.16092,1.16136,1.16,1.16022,13711
1764223200,1.16023,1.16054,1.15766,1.15776,20030
1764237600,1.15776,1.1597,1.15772,1.1595,17818
1764252000,1.1595,1.16016,1.15904,1.15951,12800
1764266400,1.15952,1.15972,1.15913,1.1596,4188
1764280800,1.15962,1.1602,1.15817,1.15833,10577
1764295200,1.15834,1.15938,1.15816,1.15895,33547
1764309600,1.15894,1.15907,1.15666,1.15688,59718
1764324000,1.15688,1.15787,1.15553,1.15748,46947
1764338400,1.15748,1.16076,1.15712,1.16028,36276
1764352800,1.16028,1.16046,1.15957,1.15985,12028
1764540000,1.15938,1.1616,1.15927,1.16052,19367
1764554400,1.16052,1.16058,1.15894,1.1598,15179
1764568800,1.15978,1.16236,1.15904,1.16222,28772
1764583200,1.16224,1.16526,1.1619,1.16449,27655
1764597600,1.16448,1.16452,1.16178,1.16207,35208
1764612000,1.16208,1.16236,1.16066,1.16092,13580
1764626400,1.16104,1.16112,1.16038,1.16092,6764
1764640800,1.16092,1.16142,1.16072,1.161,7869
1764655200,1.161,1.16164,1.16024,1.16102,18926
1764669600,1.16103,1.16196,1.15984,1.16176,22220
1764684000,1.16176,1.16233,1.15912,1.16072,35259
1764698400,1.16072,1.1626,1.16056,1.16254,13839
1764712800,1.16242,1.16376,1.16211,1.16368,8359
1764727200,1.16369,1.16438,1.16354,1.16427,9857
1764741600,1.16428,1.16528,1.16358,1.16456,23033
1764756000,1.16458,1.16755,1.1645,1.16664,26057
1764770400,1.16664,1.16709,1.16546,1.16686,37436
1764784800,1.16687,1.16778,1.16643,1.16714,12487
1764799200,1.16716,1.16754,1.16589,1.16633,8791
1764813600,1.16634,1.1664,1.16534,1.16598,12812
1764828000,1.166,1.1682,1.16531,1.16777,24334
1764842400,1.16778,1.1681,1.1652,1.16648,28456
1764856800,1.1665,1.16771,1.16531,1.16562,30079
1764871200,1.16562,1.16599,1.1641,1.16449,14358
1764885600,1.16464,1.16538,1.16412,1.16536,7490
1764900000,1.16537,1.16592,1.16466,1.16592,9655
1764914400,1.16592,1.16718,1.16483,1.16545,22015
1764928800,1.16546,1.1657,1.16416,1.16518,22495
1764943200,1.16518,1.16602,1.1628,1.16442,36668
1764957600,1.16443,1.16486,1.16399,1.16438,11829
1765144800,1.16401,1.16532,1.16395,1.16518,13140
1765159200,1.16518,1.16564,1.16488,1.16562,12012
1765173600,1.16562,1.16722,1.16479,1.16488,24647
1765188000,1.16486,1.16576,1.16456,1.16484,24336
1765202400,1.16484,1.16548,1.16165,1.16392,34341
1765216800,1.16392,1.16422,1.16344,1.1637,13063
1765231200,1.16352,1.16476,1.16352,1.16472,9151
1765245600,1.16471,1.16506,1.16438,1.1649,10214
1765260000,1.16486,1.16573,1.16337,1.16524,21068
1765274400,1.16524,1.16543,1.1629,1.16346,23651
1765288800,1.16346,1.16412,1.16151,1.16242,34594
1765303200,1.1624,1.16322,1.16169,1.16266,11312
1765317600,1.16275,1.16296,1.16224,1.16238,7819
1765332000,1.16237,1.1631,1.16216,1.163,9041
1765346400,1.16298,1.16578,1.16286,1.16365,21401
1765360800,1.16364,1.16424,1.16276,1.16402,21027
1765375200,1.16402,1.16604,1.16338,1.16588,25878
1765389600,1.16587,1.16998,1.1647,1.16958,55891
1765404000,1.16928,1.17074,1.16898,1.17017,12881
1765418400,1.17018,1.17062,1.16846,1.16854,12249
1765432800,1.16854,1.17066,1.16823,1.17022,21962
1765447200,1.17022,1.17364,1.16989,1.17311,25253
1765461600,1.1731,1.17628,1.17303,1.17552,32418
1765476000,1.17552,1.17594,1.17365,1.17386,14207
1765490400,1.17388,1.17462,1.17325,1.17349,10340
1765504800,1.17348,1.17394,1.17312,1.17386,9840
1765519200,1.17386,1.17434,1.1727,1.17328,20963
1765533600,1.17328,1.17352,1.17196,1.17272,18013
1765548000,1.17272,1.17482,1.17232,1.17478,28200
1765562400,1.17478,1.17498,1.17354,1.17403,13888
1765749600,1.1733,1.17425,1.17286,1.17414,9408
1765764000,1.17414,1.17448,1.17318,1.17344,12526
1765778400,1.17343,1.17436,1.17265,1.17434,20334
1765792800,1.17434,1.17598,1.17392,1.17474,16030
1765807200,1.17473,1.1769,1.17441,1.17459,29699
1765821600,1.17458,1.17541,1.17384,1.17539,10729
1765836000,1.17521,1.1758,1.17466,1.17519,10900
1765850400,1.1752,1.17592,1.17494,1.17505,9103
1765864800,1.17504,1.17642,1.17444,1.17561,18545
1765879200,1.17562,1.17948,1.17517,1.17758,33070
1765893600,1.17758,1.18042,1.17612,1.17639,36547
1765908000,1.17639,1.17639,1.17346,1.1748,19022
1765922400,1.17476,1.17524,1.17452,1.17474,8728
1765936800,1.17473,1.1748,1.1725,1.17292,12849
1765951200,1.17291,1.17306,1.17031,1.17162,26967
1765965600,1.1716,1.17332,1.17078,1.17318,24608
1765980000,1.17318,1.17582,1.17283,1.17494,30686
1765994400,1.17494,1.17556,1.17384,1.17401,12009
1766008800,1.17408,1.17458,1.17352,1.17386,8136
1766023200,1.17386,1.17469,1.17368,1.17459,8878
1766037600,1.17458,1.17497,1.17173,1.1722,18899
1766052000,1.17218,1.17628,1.17124,1.17468,33539
1766066400,1.17468,1.17558,1.17153,1.17188,42938
1766080800,1.17189,1.17278,1.17154,1.17236,12185
1766095200,1.17203,1.17288,1.17203,1.17244,9335
1766109600,1.17243,1.17287,1.17156,1.172,10069
1766124000,1.172,1.17216,1.17033,1.17122,23863
1766138400,1.17124,1.17194,1.17024,1.17194,21236
1766152800,1.17194,1.17378,1.17084,1.17192,27576
1766167200,1.17193,1.17273,1.17062,1.17096,11735
1766354400,1.17196,1.17196,1.17064,1.17172,13829
1766368800,1.17172,1.17221,1.17136,1.17174,6980
1766383200,1.17172,1.17384,1.1713,1.173,16425
1766397600,1.17301,1.17546,1.17286,1.17506,20261
1766412000,1.17507,1.17694,1.17451,1.17582,21494
1766426400,1.17582,1.17623,1.17489,1.17619,9237
1766440800,1.1758,1.17761,1.17571,1.1773,11961
1766455200,1.17733,1.17806,1.17726,1.17751,10197
1766469600,1.17753,1.1793,1.17686,1.17928,20424
1766484000,1.17928,1.18022,1.17743,1.17748,21506
1766498400,1.17748,1.17804,1.1764,1.1771,26654
1766512800,1.17708,1.1797,1.17696,1.17934,10978
1766527200,1.17927,1.18064,1.17904,1.18053,9500
1766541600,1.18054,1.1808,1.17858,1.17992,10334
1766556000,1.1799,1.1804,1.17798,1.17998,20094
1766570400,1.17997,1.18001,1.17836,1.17853,20511
1766584800,1.17852,1.1787,1.17726,1.17768,22374
1766599200,1.17767,1.17822,1.17744,1.1777,6349
1766700000,1.17805,1.1792,1.17767,1.17872,21220
1766714400,1.17873,1.17936,1.178,1.17862,9688
1766728800,1.17863,1.1788,1.17666,1.17703,20496
1766743200,1.17701,1.17968,1.1769,1.17914,18855
1766757600,1.17916,1.17946,1.17616,1.17702,31012
1766772000,1.17704,1.17818,1.17658,1.1771,18963
1766959200,1.1768,1.17864,1.17654,1.17842,10811
1766973600,1.1784,1.17853,1.17537,1.1756,10535
1766988000,1.17562,1.17891,1.17542,1.17764,22083
1767002400,1.17764,1.17802,1.17555,1.17698,23932
1767016800,1.17698,1.17888,1.17494,1.17521,32111
1767031200,1.17519,1.17748,1.17508,1.17726,10862
1767045600,1.1771,1.17754,1.17663,1.17751,10895
1767060000,1.1775,1.17791,1.17706,1.17752,7239
1767074400,1.17752,1.17798,1.17644,1.1769,16480
1767088800,1.17688,1.17776,1.17554,1.17633,19348
1767103200,1.17634,1.17668,1.17453,1.1756,23602
1767117600,1.17561,1.17594,1.17434,1.1748,10689
1767132000,1.17466,1.17492,1.17419,1.17426,5701
1767146400,1.17424,1.17436,1.1733,1.17385,8766
1767160800,1.17386,1.17398,1.172,1.17351,17372
1767175200,1.1735,1.17595,1.17286,1.1742,22034
1767189600,1.1742,1.17488,1.17202,1.1736,33067
1767204000,1.1736,1.1753,1.17304,1.17459,11277
1767304800,1.17498,1.17628,1.17458,1.1761,6048
1767319200,1.1761,1.1765,1.17508,1.17513,6243
1767333600,1.17512,1.17516,1.17206,1.17214,20345
1767348000,1.17214,1.1729,1.17132,1.17215,19041
1767362400,1.17217,1.17545,1.17158,1.17308,27378
1767376800,1.17308,1.17314,1.17144,1.17196,14303
1767564000,1.17239,1.17239,1.16996,1.17004,15463
1767578400,1.17004,1.17016,1.16722,1.16855,14754
1767592800,1.16856,1.1695,1.16739,1.16825,22992
1767607200,1.16823,1.1691,1.16592,1.16746,25703
1767621600,1.16746,1.17198,1.16733,1.17144,33824
1767636000,1.17145,1.17288,1.17134,1.17216,12320
1767650400,1.17206,1.17254,1.17106,1.17254,9421
1767664800,1.17256,1.17384,1.17222,1.17288,11199
1767679200,1.1729,1.17429,1.1708,1.17133,21537
1767693600,1.17132,1.17172,1.16972,1.1711,21919
1767708000,1.1711,1.17176,1.1684,1.17007,30326
1767722400,1.17008,1.17022,1.1684,1.16888,14577
1767736800,1.16865,1.17006,1.16852,1.16958,10242
1767751200,1.16958,1.17027,1.16909,1.16931,11836
1767765600,1.16932,1.16998,1.16729,1.16846,19659
1767780000,1.16846,1.16948,1.16811,1.16917,21481
1767794400,1.16916,1.16988,1.168,1.16879,32567
1767808800,1.1688,1.16904,1.16738,1.16759,11756
1767823200,1.16751,1.16782,1.16728,1.16748,6758
1767837600,1.16748,1.1683,1.16728,1.16825,9752
1767852000,1.16824,1.1683,1.1669,1.16768,19368
1767866400,1.16768,1.1682,1.16583,1.16628,18522
1767880800,1.16627,1.16738,1.16438,1.16508,25505
1767895200,1.16506,1.16628,1.16426,1.16589,12902
1767909600,1.16574,1.16622,1.16484,1.16492,7075
1767924000,1.16493,1.16592,1.1646,1.16511,10803
1767938400,1.16512,1.1653,1.164,1.16426,17309
1767952800,1.16424,1.16608,1.16256,1.16452,28015
1767967200,1.1645,1.16526,1.16182,1.16316,39816
1767981600,1.16318,1.164,1.16296,1.16364,9854
1768168800,1.1633,1.16714,1.16217,1.16562,16073
1768183200,1.16562,1.16712,1.1653,1.16692,10950
1768197600,1.16691,1.16959,1.16643,1.16818,22777
1768212000,1.1682,1.16985,1.16756,1.16929,21202
1768226400,1.16928,1.1693,1.16661,1.16686,26162
1768240800,1.16686,1.1674,1.16631,1.16668,9307
1768255200,1.167,1.16709,1.16562,1.16586,9212
1768269600,1.16586,1.16676,1.16565,1.16628,9665
1768284000,1.16629,1.16726,1.16538,1.1672,18195
1768298400,1.16719,1.1678,1.16502,1.16684,25265
1768312800,1.16684,1.16734,1.16342,1.16462,31445
1768327200,1.16462,1.16546,1.16416,1.16428,12135
1768341600,1.16436,1.16456,1.16368,1.16382,6934
1768356000,1.16382,1.1649,1.16362,1.1642,7456
1768370400,1.1642,1.16538,1.1641,1.16518,17050
1768384800,1.16518,1.166,1.16438,1.165,21632
1768399200,1.16498,1.16618,1.16456,1.16468,31246
1768413600,1.16468,1.16479,1.16353,1.16454,13928
1768428000,1.16469,1.16471,1.16333,1.16386,10167
1768442400,1.16382,1.16415,1.16336,1.16352,9429
1768456800,1.16352,1.164,1.1626,1.16359,20223
1768471200,1.16358,1.16411,1.15988,1.16014,22676
1768485600,1.16013,1.16138,1.15932,1.1609,28396
1768500000,1.1609,1.16176,1.16028,1.16094,12201
1768514400,1.16088,1.16104,1.16024,1.1607,7391
1768528800,1.1607,1.16142,1.1606,1.16067,9750
1768543200,1.16068,1.16153,1.16044,1.16084,16845
1768557600,1.16084,1.16236,1.16082,1.16186,18242
1768572000,1.16188,1.16275,1.15845,1.15957,36920
1768586400,1.15955,1.16023,1.15894,1.15988,11652
1768773600,1.15802,1.16378,1.15782,1.16226,24963
1768788000,1.16227,1.16376,1.16157,1.16276,14564
1768802400,1.16274,1.16415,1.16112,1.16245,21924
1768816800,1.16244,1.16356,1.16202,1.16318,16590
1768831200,1.16317,1.16475,1.16302,1.16458,14717
1768845600,1.16459,1.16489,1.16419,1.1646,3963
1768860000,1.16427,1.1647,1.16326,1.16438,8213
1768874400,1.16438,1.16727,1.16406,1.16632,12183
1768888800,1.16633,1.17328,1.16622,1.17262,35458
1768903200,1.17262,1.17693,1.17153,1.17334,40443
1768917600,1.17334,1.17428,1.17152,1.17316,43483
1768932000,1.17315,1.17341,1.1711,1.17268,19458
1768946400,1.17245,1.17342,1.17166,1.1729,10374
1768960800,1.1729,1.17318,1.17106,1.17174,13702
1768975200,1.17174,1.17254,1.17013,1.17036,21920
1768989600,1.17034,1.1743,1.17016,1.17397,23941
1769004000,1.17398,1.17408,1.16948,1.1703,50814
1769018400,1.17028,1.17053,1.16762,1.16876,25771
1769032800,1.16854,1.16902,1.16698,1.16888,11694
1769047200,1.16888,1.16973,1.16835,1.16882,9717
1769061600,1.16884,1.16974,1.16842,1.16926,20475
1769076000,1.16927,1.17187,1.16866,1.17139,24438
1769090400,1.17138,1.17508,1.17108,1.17464,31683
1769104800,1.17463,1.17566,1.17412,1.17552,11321
1769119200,1.17528,1.17592,1.1747,1.17494,9160
1769133600,1.17493,1.1754,1.17432,1.1751,10493
1769148000,1.1751,1.1753,1.17283,1.17354,30593
1769162400,1.17354,1.17473,1.173,1.17341,18688
1769176800,1.17342,1.1799,1.17319,1.17944,36744
1769191200,1.17944,1.18339,1.17772,1.18277,26905
1769378400,1.18635,1.18977,1.18444,1.18578,33735
1769392800,1.18578,1.18766,1.18554,1.1865,25011
1769407200,1.1865,1.18674,1.18365,1.18637,37519
1769421600,1.18638,1.18653,1.1835,1.1856,26607
1769436000,1.1856,1.19072,1.18526,1.18788,39076
1769450400,1.18788,1.18904,1.18706,1.188,21709
1769464800,1.18767,1.18826,1.18716,1.18788,13784
1769479200,1.18788,1.18996,1.187,1.18766,15118
1769493600,1.18767,1.18898,1.18504,1.18891,26222
1769508000,1.1889,1.19386,1.18742,1.19234,43137
1769522400,1.19234,1.19902,1.19184,1.198,56885
1769536800,1.198,1.20831,1.19712,1.20409,55944
1769551200,1.20395,1.20475,1.19928,1.19929,22780
1769565600,1.19928,1.2005,1.19748,1.1997,21621
1769580000,1.1997,1.20259,1.19704,1.19869,38562
1769594400,1.1987,1.1995,1.1952,1.19576,32767
1769608800,1.19578,1.19776,1.19186,1.1941,65307
1769623200,1.1941,1.19542,1.18958,1.19538,46646
1769637600,1.19556,1.19852,1.19526,1.19614,18603
1769652000,1.19614,1.19938,1.19532,1.19812,19384
1769666400,1.19812,1.19966,1.19515,1.19558,33648
1769680800,1.1956,1.19708,1.19382,1.19562,35356
1769695200,1.19564,1.19725,1.19062,1.19558,84589
1769709600,1.19556,1.19714,1.19458,1.19707,24688
1769724000,1.19693,1.19748,1.19142,1.1917,28717
1769738400,1.19171,1.19351,1.18946,1.19248,39681
1769752800,1.19247,1.19434,1.18982,1.19083,50544
1769767200,1.19078,1.19546,1.19018,1.19128,46022
1769781600,1.19128,1.19213,1.18667,1.18724,67057
1769796000,1.18724,1.1885,1.185,1.18506,40742
1769983200,1.1851,1.18748,1.18398,1.18706,35592
1769997600,1.1871,1.18748,1.1841,1.18508,29302
1770012000,1.18507,1.18668,1.18432,1.18623,46160
1770026400,1.18622,1.18714,1.1818,1.1821,38357
1770040800,1.1821,1.183,1.17904,1.18,58413
1770055200,1.18002,1.18013,1.1776,1.17904,23810
1770069600,1.1788,1.18149,1.17874,1.1814,14994
1770084000,1.18139,1.18168,1.18008,1.18088,16178
1770098400,1.1809,1.18244,1.17921,1.17922,29479
1770112800,1.17922,1.18068,1.17826,1.17961,27428
1770127200,1.17961,1.18292,1.178,1.18162,42805
1770141600,1.18162,1.18254,1.18058,1.1818,20912
1770156000,1.18182,1.1832,1.18088,1.1826,14998
1770170400,1.18261,1.18362,1.1819,1.1833,13059
1770184800,1.18332,1.1838,1.18112,1.18136,24991
1770199200,1.18136,1.18273,1.18048,1.18226,26971
1770213600,1.18226,1.18258,1.17906,1.17978,50533
1770228000,1.17976,1.18098,1.17947,1.18055,21473
1770242400,1.18058,1.18084,1.17995,1.18038,9838
1770256800,1.18039,1.18054,1.17828,1.17901,19787
1770271200,1.17902,1.18088,1.17804,1.17808,28033
1770285600,1.17808,1.18155,1.17804,1.18118,40308
1770300000,1.18117,1.18218,1.1782,1.18009,56732
1770314400,1.1801,1.18029,1.1775,1.17792,16547
1770328800,1.17776,1.17884,1.17656,1.17853,16329
1770343200,1.17852,1.18014,1.17846,1.17984,12261
1770357600,1.17983,1.1802,1.17858,1.1792,23124
1770372000,1.1792,1.18112,1.17857,1.18104,19947
1770386400,1.18104,1.18262,1.18052,1.1818,31421
1770400800,1.1818,1.18241,1.18134,1.18168,10464
1770588000,1.18126,1.18337,1.18097,1.18256,18384
1770602400,1.18254,1.18363,1.18161,1.18334,11038
1770616800,1.18334,1.18698,1.18332,1.18622,30938
1770631200,1.18622,1.19058,1.18552,1.19037,33442
1770645600,1.19038,1.19268,1.1893,1.19086,37592
1770660000,1.19086,1.19224,1.19037,1.19151,16161
1770674400,1.19118,1.19156,1.18967,1.19058,9724
1770688800,1.19057,1.19171,1.19038,1.19073,12127
1770703200,1.19072,1.192,1.18994,1.19145,22534
1770717600,1.19146,1.19176,1.18884,1.19055,26628
1770732000,1.19055,1.19288,1.18933,1.18958,40741
1770746400,1.18958,1.19035,1.18868,1.18948,13310
1770760800,1.18951,1.19021,1.18864,1.18978,11498
1770775200,1.1898,1.19193,1.18978,1.19185,13314
1770789600,1.19184,1.19258,1.19101,1.19181,21722
1770804000,1.1918,1.19274,1.18332,1.1862,46251
1770818400,1.18621,1.18937,1.18511,1.18858,57543
1770832800,1.18858,1.18908,1.18687,1.18714,15490
1770847200,1.18724,1.18826,1.18669,1.18809,11808
1770861600,1.18808,1.18848,1.18584,1.18648,14005
1770876000,1.18647,1.1888,1.18524,1.18872,25745
1770890400,1.18873,1.18875,1.1867,1.1885,23226
1770904800,1.1885,1.189,1.186,1.18654,52086
1770919200,1.18654,1.18728,1.18562,1.18712,20108
1770933600,1.18681,1.18736,1.18632,1.18672,10063
1770948000,1.18673,1.18712,1.18579,1.18594,10718
1770962400,1.18593,1.18666,1.18471,1.18606,21103
1770976800,1.18606,1.18846,1.18529,1.18743,31721
1770991200,1.18742,1.18828,1.18476,1.18749,40476
1771005600,1.1875,1.18806,1.18645,1.18678,14355
1771192800,1.18709,1.18728,1.1859,1.18654,9669
1771207200,1.18654,1.1869,1.1861,1.1865,8985
1771221600,1.18648,1.18706,1.18566,1.18645,16583
1771236000,1.18643,1.18678,1.18492,1.18548,13846
1771250400,1.18547,1.18636,1.18464,1.18482,13027
1771264800,1.18484,1.18552,1.18483,1.18511,2754
1771279200,1.18507,1.18522,1.18408,1.18444,9430
1771293600,1.18443,1.18474,1.18357,1.18416,11264
1771308000,1.18416,1.18499,1.18286,1.18466,20023
1771322400,1.18462,1.18472,1.18158,1.18222,24400
1771336800,1.18223,1.18424,1.1805,1.18394,39729
1771351200,1.18398,1.18547,1.18388,1.18536,13437
1771365600,1.18529,1.18578,1.18426,1.18463,8606
1771380000,1.18464,1.18474,1.18394,1.18458,7987
1771394400,1.18458,1.18464,1.18285,1.18361,17694
1771408800,1.18362,1.18486,1.18236,1.18238,17979
1771423200,1.18238,1.18278,1.18022,1.1806,28965
1771437600,1.18061,1.18074,1.17822,1.17836,18585
1771452000,1.17845,1.17952,1.17842,1.17946,7650
1771466400,1.17946,1.17957,1.17848,1.17916,10779
1771480800,1.17916,1.18077,1.179,1.18,17476
1771495200,1.18,1.18032,1.17514,1.17656,25393
1771509600,1.17655,1.17756,1.1742,1.1766,42967
1771524000,1.1766,1.17782,1.17591,1.17716,15637
1771538400,1.17715,1.1776,1.17551,1.1759,10638
1771552800,1.1759,1.176,1.17502,1.17554,10212
1771567200,1.17555,1.17682,1.17434,1.17668,21996
1771581600,1.17668,1.1783,1.17572,1.17694,25331
1771596000,1.17692,1.18076,1.17554,1.17802,73442
1771610400,1.17802,1.1799,1.17768,1.17818,28531
1771797600,1.17963,1.18348,1.17931,1.18262,22346
1771812000,1.18263,1.18312,1.18151,1.18198,12998
1771826400,1.18196,1.1834,1.18002,1.18008,21491
1771840800,1.18009,1.18014,1.17744,1.17958,23486
1771855200,1.17958,1.181,1.17882,1.17988,36037
1771869600,1.17987,1.1801,1.17843,1.17854,13021
1771884000,1.1789,1.17964,1.17716,1.1782,12732
1771898400,1.17818,1.17855,1.1768,1.178,10740
1771912800,1.17801,1.17932,1.17716,1.17877,24039
1771927200,1.17878,1.17912,1.1768,1.17722,20283
1771941600,1.17723,1.17902,1.17662,1.17856,28606
1771956000,1.17856,1.17867,1.17734,1.17738,10141
1771970400,1.17734,1.17822,1.17726,1.17786,9077
1771984800,1.17785,1.18055,1.17782,1.1801,16872
1771999200,1.1801,1.1808,1.17856,1.1788,21469
1772013600,1.1788,1.17902,1.1771,1.17737,19427
1772028000,1.17737,1.18144,1.17731,1.18074,29458
1772042400,1.18075,1.1813,1.18028,1.18101,10757
1772056800,1.18089,1.1829,1.18073,1.18274,10379
1772071200,1.18274,1.1829,1.18126,1.18198,11668
1772085600,1.18197,1.18223,1.17968,1.17973,19367
1772100000,1.17971,1.18168,1.17934,1.18068,18409
1772114400,1.1807,1.18158,1.1774,1.17762,36172
1772128800,1.17762,1.18039,1.17741,1.17976,15004
1772143200,1.17972,1.18057,1.1789,1.17901,11816
1772157600,1.17903,1.18132,1.17903,1.18086,10834
1772172000,1.18084,1.18218,1.17928,1.17952,20725
1772186400,1.17954,1.18083,1.17904,1.17926,22140
1772200800,1.17926,1.1827,1.17908,1.18166,35255
1772215200,1.18168,1.1826,1.18111,1.18172,13732
1772402400,1.17685,1.17944,1.1756,1.1792,29147
1772416800,1.1792,1.17958,1.17662,1.17664,15831
1772431200,1.17664,1.17667,1.16981,1.17332,45319
1772445600,1.17331,1.17473,1.16952,1.16986,34594
1772460000,1.16986,1.1724,1.16719,1.17072,49291
1772474400,1.17072,1.17134,1.16786,1.169,26164
1772488800,1.16868,1.1707,1.16854,1.16969,14248
1772503200,1.16968,1.1699,1.16652,1.16667,22879
1772517600,1.1667,1.16716,1.15986,1.16055,46502
1772532000,1.16054,1.16154,1.1582,1.15906,51719
1772546400,1.15905,1.16062,1.15303,1.15905,85974
1772560800,1.15904,1.16259,1.15899,1.16124,37913
1772575200,1.1613,1.16205,1.15748,1.15938,24074
1772589600,1.15939,1.16104,1.1587,1.15952,26298
1772604000,1.15952,1.16282,1.15898,1.16086,38710
1772618400,1.16086,1.16549,1.16086,1.16311,48539
1772632800,1.1631,1.16462,1.16165,1.16331,47472
1772647200,1.16332,1.16438,1.16234,1.16354,15447
1772661600,1.16304,1.16474,1.16271,1.16282,14662
1772676000,1.16282,1.16318,1.1594,1.15945,20486
1772690400,1.15944,1.16447,1.15816,1.16226,56262
1772704800,1.16226,1.16317,1.15896,1.15974,35097
1772719200,1.15973,1.16092,1.1559,1.1588,64054
1772733600,1.1588,1.16104,1.15701,1.16086,43015
1772748000,1.16088,1.16202,1.16034,1.16151,13873
1772762400,1.1615,1.16212,1.16057,1.16064,14390
1772776800,1.16064,1.16183,1.15718,1.15744,29122
1772791200,1.15743,1.15964,1.15502,1.1555,55969
1772805600,1.1555,1.16131,1.15461,1.15956,79109
1772820000,1.15958,1.16214,1.1593,1.16168,34805
1773003600,1.1549,1.15574,1.15162,1.15172,32219
1773018000,1.15172,1.15296,1.15072,1.1526,35972
1773032400,1.15259,1.15716,1.15154,1.15348,67178
1773046800,1.15348,1.15732,1.1531,1.15534,63872
1773061200,1.15536,1.15994,1.15474,1.15876,77416
1773075600,1.15876,1.16378,1.15753,1.16372,50165
1773090000,1.16365,1.16458,1.16116,1.16264,21012
1773104400,1.16262,1.163,1.1607,1.16118,26810
1773118800,1.16118,1.16636,1.16117,1.16458,33338
1773133200,1.16456,1.1659,1.16203,1.16345,45144
1773147600,1.16346,1.16552,1.1627,1.1652,46089
1773162000,1.16518,1.16672,1.16058,1.16084,54755
1773176400,1.16091,1.16248,1.16029,1.1618,12090
1773190800,1.1618,1.16352,1.16125,1.16338,19170
1773205200,1.16338,1.16456,1.16036,1.16126,34449
1773219600,1.16127,1.1614,1.15774,1.15824,48105
1773234000,1.15825,1.16128,1.15632,1.1571,61727
1773248400,1.1571,1.15764,1.15608,1.1567,23603
1773262800,1.15668,1.15745,1.15342,1.15458,13978
1773277200,1.1546,1.15556,1.15321,1.15332,18066
1773291600,1.1533,1.15561,1.15327,1.15474,24149
1773306000,1.15473,1.15663,1.15326,1.15393,25461
1773320400,1.15394,1.15504,1.1511,1.1522,62441
1773334800,1.1522,1.15319,1.15102,1.15109,22550
1773349200,1.1513,1.15284,1.1511,1.15235,9906
1773363600,1.15235,1.15298,1.15,1.15034,16384
1773378000,1.15033,1.15066,1.1433,1.14452,30223
1773392400,1.14452,1.14886,1.14452,1.14779,42391
1773406800,1.1478,1.14902,1.14345,1.14422,54107
1773421200,1.1442,1.14462,1.1411,1.14164,23096
1773608400,1.1424,1.14556,1.1419,1.14549,16982
1773622800,1.1455,1.14566,1.14397,1.14416,16743
1773637200,1.14416,1.14454,1.14143,1.14448,24218
1773651600,1.1445,1.1488,1.1441,1.14739,32304
1773666000,1.1474,1.15022,1.1474,1.14935,38187
1773680400,1.14936,1.1525,1.14906,1.15056,25787
1773694800,1.1506,1.15129,1.14892,1.14926,8796
1773709200,1.14924,1.1503,1.14865,1.14972,11877
1773723600,1.14972,1.15182,1.1466,1.15105,23104
1773738000,1.15107,1.15248,1.1504,1.15242,27325
1773752400,1.15244,1.15438,1.15182,1.15281,40771
1773766800,1.1528,1.15472,1.15265,1.15401,14038
1773781200,1.1538,1.15446,1.1532,1.15326,15865
1773795600,1.15327,1.15426,1.15322,1.15417,9463
1773810000,1.15417,1.15494,1.15178,1.15325,15876
1773824400,1.15324,1.15554,1.15056,1.15075,32652
1773838800,1.15074,1.15296,1.14906,1.15108,47996
1773853200,1.15108,1.15252,1.14499,1.14516,40347
1773867600,1.14516,1.14744,1.14512,1.14741,14220
1773882000,1.14742,1.14914,1.1467,1.1469,17438
1773896400,1.14688,1.14768,1.1443,1.1451,35342
1773910800,1.14512,1.14899,1.1451,1.14873,54468
1773925200,1.14871,1.1539,1.14692,1.15358,98578
1773939600,1.15359,1.16164,1.15358,1.15891,50386
1773954000,1.15886,1.15952,1.1571,1.15739,10548
1773968400,1.15738,1.15771,1.1555,1.15556,13034
1773982800,1.15556,1.15808,1.15524,1.15678,22697
1773997200,1.15678,1.158,1.15351,1.15644,39992
1774011600,1.15646,1.15666,1.15246,1.15592,62247
1774026000,1.15594,1.15722,1.1547,1.15711,38422
1774213200,1.15378,1.15648,1.15372,1.15444,18580
1774227600,1.15443,1.15617,1.15426,1.15506,24617
1774242000,1.15504,1.15525,1.15205,1.15297,38480
1774256400,1.15301,1.162,1.14846,1.16127,133839
1774270800,1.1613,1.16399,1.15764,1.15911,128521
1774285200,1.15912,1.16374,1.15867,1.16112,42383
1774299600,1.16138,1.16178,1.15812,1.15884,18574
1774314000,1.15886,1.1596,1.15758,1.15802,27710
1774328400,1.15803,1.1618,1.15758,1.15884,45502
1774342800,1.15886,1.16008,1.15788,1.15846,40372
1774357200,1.15848,1.1607,1.15672,1.15827,73919
1774371600,1.15826,1.16284,1.1557,1.16076,56893
1774386000,1.16064,1.16307,1.16018,1.16234,19315
1774400400,1.16232,1.16245,1.15975,1.15979,20103
1774414800,1.15978,1.16166,1.1587,1.16027,30122
1774429200,1.16028,1.16138,1.15864,1.15914,38389
1774443600,1.15915,1.1599,1.15554,1.15676,55513
1774458000,1.15674,1.15838,1.1556,1.15592,24281
1774472400,1.1559,1.15648,1.1554,1.15583,7648
1774486800,1.15581,1.15724,1.15548,1.15694,12991
1774501200,1.15696,1.15699,1.15476,1.15598,23250
1774515600,1.15597,1.15652,1.15226,1.15351,28798
1774530000,1.15352,1.1555,1.15309,1.15357,51486
1774544400,1.15356,1.15591,1.15196,1.15294,30344
1774558800,1.15322,1.15406,1.15244,1.15305,11720
1774573200,1.15304,1.15438,1.15297,1.15428,14530
1774587600,1.15429,1.15463,1.15158,1.15207,21775
1774602000,1.15202,1.15262,1.15018,1.15151,25667
1774616400,1.15152,1.1548,1.15141,1.15192,47889
1774630800,1.1519,1.15292,1.15063,1.15114,23057
1774818000,1.15029,1.15128,1.14876,1.15068,20582
1774832400,1.15068,1.15213,1.15014,1.15136,16405
1774846800,1.15136,1.15202,1.14907,1.14962,22243
1774861200,1.14963,1.15004,1.1473,1.14828,31605
1774875600,1.14827,1.1488,1.14432,1.14602,42441
1774890000,1.14602,1.14662,1.14538,1.14618,17497
1774904400,1.14587,1.14763,1.14471,1.14748,15429
1774918800,1.14747,1.14908,1.14664,1.14692,20464
1774933200,1.14692,1.14758,1.14608,1.14672,25712
1774947600,1.14672,1.15099,1.14576,1.1503,39098
1774962000,1.15031,1.15598,1.15006,1.15404,81241
1774976400,1.15404,1.15634,1.15384,1.15532,43816
1774990800,1.1554,1.1579,1.15528,1.15745,11651
1775005200,1.15744,1.15756,1.15549,1.15654,17079
1775019600,1.15654,1.16108,1.1562,1.15964,46698
1775034000,1.15966,1.16238,1.15809,1.16047,43413
1775048400,1.16048,1.16272,1.15986,1.1619,55254
1775062800,1.16192,1.16234,1.15763,1.15908,23094
1775077200,1.15888,1.1598,1.15852,1.15957,12123
1775091600,1.15954,1.16058,1.15322,1.1537,56246
1775106000,1.15372,1.1539,1.15152,1.15254,30811
1775120400,1.15254,1.1532,1.15092,1.15248,27668
1775134800,1.15248,1.15639,1.15204,1.15394,67028
1775149200,1.15393,1.15492,1.15322,1.154,17361
1775163600,1.15385,1.15452,1.15381,1.15382,5083
1775178000,1.15382,1.154,1.15322,1.15338,6904
1775192400,1.15338,1.15464,1.15294,1.1543,5620
1775206800,1.1543,1.15492,1.15177,1.1531,12371
1775221200,1.15308,1.15386,1.1519,1.1519,14530
1775235600,1.1519,1.15348,1.15134,1.15222,8189
1775422800,1.15238,1.1524,1.15053,1.15118,16528
1775437200,1.15118,1.15288,1.15064,1.15244,17577
1775451600,1.15244,1.15688,1.1522,1.15553,26625
1775466000,1.15556,1.15606,1.15377,1.15534,23420
1775480400,1.15536,1.15716,1.15356,1.1545,40411
1775494800,1.15451,1.15528,1.15342,1.15433,23697
1775509200,1.15414,1.1548,1.15366,1.15376,10494
1775523600,1.15376,1.15403,1.15242,1.15383,13297
1775538000,1.15385,1.15756,1.15302,1.15737,32096
1775552400,1.15735,1.15756,1.15458,1.15606,40980
1775566800,1.15604,1.15836,1.1556,1.15716,48607
1775581200,1.15716,1.16052,1.15664,1.15976,37760
1775595600,1.15962,1.1697,1.15889,1.16718,81817
1775610000,1.16718,1.16884,1.16662,1.16763,38822
1775624400,1.16764,1.17086,1.16689,1.16812,50300
1775638800,1.16814,1.17182,1.16776,1.17141,44011
1775653200,1.1714,1.17218,1.1677,1.16818,59672
1775667600,1.16817,1.16854,1.16434,1.16622,35091
1775682000,1.16615,1.16678,1.1653,1.16572,10499
1775696400,1.16572,1.16712,1.16504,1.16664,14079
1775710800,1.16665,1.1675,1.16544,1.1672,21663
1775725200,1.16721,1.169,1.16686,1.1686,23162
1775739600,1.16861,1.17142,1.16742,1.17106,46029
1775754000,1.17107,1.17234,1.16954,1.1699,23612
1775768400,1.17021,1.17026,1.16854,1.16879,9924
1775782800,1.1688,1.1697,1.16862,1.1692,9473
1775797200,1.16922,1.16936,1.16774,1.16859,17159
1775811600,1.16858,1.17258,1.16847,1.17209,31289
1775826000,1.17206,1.17396,1.17138,1.17204,40877
1775840400,1.17205,1.17354,1.17189,1.1725,17860
1776027600,1.16666,1.16876,1.1664,1.16876,21187
1776042000,1.16878,1.16902,1.16804,1.16862,11814
1776056400,1.16862,1.17002,1.1678,1.1686,22111
1776070800,1.16861,1.16998,1.16806,1.16984,23300
1776085200,1.16986,1.17314,1.16964,1.1725,43639
1776099600,1.1725,1.1766,1.17246,1.17588,18932
1776114000,1.17576,1.17681,1.17554,1.17664,9156
1776128400,1.17664,1.177,1.17563,1.17669,8575
1776142800,1.17668,1.17966,1.17582,1.17827,25380
1776157200,1.17828,1.18064,1.17819,1.18046,26709
1776171600,1.18046,1.18112,1.17875,1.17942,38180
1776186000,1.17942,1.17996,1.17905,1.1796,13435
1776200400,1.17966,1.1802,1.17894,1.17941,10270
1776214800,1.17938,1.17969,1.1779,1.17886,10681
1776229200,1.17886,1.17993,1.17828,1.17894,21656
1776243600,1.17895,1.1793,1.1772,1.17882,34001
1776258000,1.17881,1.1808,1.17842,1.1801,35033
1776272400,1.1801,1.18048,1.17927,1.17994,15803
1776286800,1.18002,1.18086,1.17978,1.18074,7349
1776301200,1.18072,1.18239,1.1797,1.18094,12633
1776315600,1.18094,1.18101,1.17766,1.17864,22660
1776330000,1.17863,1.17887,1.17726,1.17816,20905
1776344400,1.17817,1.17872,1.17669,1.1775,37889
1776358800,1.1775,1.17858,1.17682,1.17826,16256
1776373200,1.17793,1.17872,1.17771,1.1779,6413
1776387600,1.1779,1.17854,1.17731,1.17827,9423
1776402000,1.17826,1.17957,1.17724,1.17939,18970
1776416400,1.1794,1.18374,1.1791,1.18354,30202
1776430800,1.18355,1.18492,1.17919,1.17988,64784
1776445200,1.17986,1.17986,1.17606,1.17638,26165
1776632400,1.17408,1.17572,1.17286,1.17545,17445
1776646800,1.17544,1.17626,1.17506,1.17592,12256
1776661200,1.1759,1.1772,1.1747,1.17612,29567
1776675600,1.17612,1.17755,1.17552,1.1765,22061
1776690000,1.17651,1.17896,1.17613,1.17858,43603
1776704400,1.17859,1.17904,1.17788,1.17872,15770
1776718800,1.17876,1.17911,1.17808,1.17829,8802
1776733200,1.1783,1.17862,1.17732,1.17756,9807
1776747600,1.17758,1.17823,1.1757,1.17653,24371
1776762000,1.1765,1.17684,1.17542,1.17594,23797
1776776400,1.17594,1.1776,1.17404,1.17416,38982
1776790800,1.17416,1.17638,1.17188,1.17438,57170
1776805200,1.17476,1.17514,1.1735,1.17439,9456
1776819600,1.17438,1.17484,1.17377,1.17396,10663
1776834000,1.17396,1.17627,1.17391,1.17538,24172
1776848400,1.17535,1.17574,1.17248,1.17277,23882
1776862800,1.17276,1.17432,1.171,1.17126,35784
1776877200,1.17128,1.1717,1.17032,1.17067,13544
1776891600,1.17058,1.17137,1.16924,1.17118,14832
1776906000,1.17118,1.1713,1.16949,1.17002,17181
1776920400,1.17003,1.1712,1.16954,1.17016,22431
1776934800,1.17016,1.17024,1.1679,1.1692,31846
1776949200,1.16922,1.17166,1.16834,1.17022,34455
1776963600,1.17022,1.17028,1.16692,1.16827,47350
1776978000,1.16836,1.169,1.168,1.16854,10574
1776992400,1.16854,1.16894,1.16729,1.16792,12190
1777006800,1.16792,1.1696,1.16762,1.16898,19399
1777021200,1.169,1.17186,1.16842,1.17088,30889
1777035600,1.1709,1.17198,1.16986,1.17191,40490
1777050000,1.17192,1.17236,1.17112,1.17186,16612
1777237200,1.16999,1.17172,1.16994,1.17162,8333
1777251600,1.17162,1.17327,1.17162,1.17267,14214
1777266000,1.17266,1.17509,1.17168,1.17485,19693
1777280400,1.17486,1.1755,1.17379,1.17444,17973
1777294800,1.17445,1.17542,1.17252,1.1726,26379
1777309200,1.1726,1.17301,1.17189,1.17208,11414
1777323600,1.17218,1.1727,1.17172,1.17188,7190
1777338000,1.17186,1.17188,1.1708,1.17126,12472
1777352400,1.17126,1.17134,1.1686,1.17023,24582
1777366800,1.1702,1.17022,1.16775,1.16969,30948
1777381200,1.1697,1.1717,1.16884,1.17105,37875
1777395600,1.17104,1.17177,1.17066,1.17127,13082
1777410000,1.1713,1.17208,1.17129,1.17156,5634
1777424400,1.17158,1.17168,1.17044,1.17056,12255
1777438800,1.17057,1.17083,1.16936,1.17002,20651
1777453200,1.17003,1.17098,1.16935,1.1699,23344
1777467600,1.1699,1.17042,1.16826,1.16847,42436
1777482000,1.16846,1.1691,1.16612,1.16757,40215
1777496400,1.16789,1.16896,1.16711,1.16793,11949
1777510800,1.16792,1.16818,1.16551,1.16601,19194
1777525200,1.16602,1.16976,1.1658,1.168,30235
1777539600,1.16802,1.17197,1.16732,1.16926,72187
1777554000,1.16926,1.17358,1.16819,1.17256,62372
1777568400,1.17255,1.17418,1.1722,1.17308,22608
1777582800,1.17306,1.17363,1.17243,1.17276,10234
1777597200,1.17277,1.17364,1.17252,1.17268,10667
1777611600,1.17268,1.17482,1.17188,1.17436,28129
1777626000,1.17436,1.17688,1.17308,1.17576,24962
1777640400,1.17575,1.17852,1.17378,1.17382,48310
1777654800,1.17382,1.17404,1.17156,1.17212,19317
1777842000,1.17478,1.17502,1.17216,1.17271,11447
1777856400,1.1727,1.1739,1.17202,1.17292,21463
1777870800,1.17292,1.17372,1.17114,1.17192,23516
1777885200,1.17194,1.1724,1.16888,1.17092,39436
1777899600,1.17092,1.17179,1.1681,1.16823,52418
1777914000,1.16824,1.17024,1.16816,1.16918,22259
1777928400,1.16912,1.1694,1.16851,1.16864,5668
1777942800,1.16864,1.16916,1.1677,1.16778,10457
1777957200,1.16776,1.16968,1.16766,1.16888,23488
1777971600,1.16888,1.1698,1.16812,1.16924,26786
1777986000,1.16925,1.17136,1.16916,1.16994,34997
1778000400,1.16996,1.17042,1.16923,1.1693,11853
1778014800,1.16924,1.17256,1.16917,1.17204,15011
1778029200,1.17201,1.1743,1.17156,1.1737,24690
1778043600,1.1737,1.17708,1.17244,1.17625,35248
1778058000,1.17623,1.17967,1.17518,1.17537,48785
1778072400,1.17536,1.1763,1.17418,1.17444,40599
1778086800,1.17444,1.17556,1.17429,1.17484,16538
1778101200,1.17463,1.17542,1.17454,1.17486,9386
1778115600,1.17487,1.17634,1.17466,1.17508,14865
1778130000,1.17509,1.17742,1.1745,1.17718,29248
1778144400,1.17718,1.17784,1.17624,1.1773,25788
1778158800,1.17729,1.1778,1.17565,1.17604,38694
1778173200,1.17607,1.1761,1.17224,1.17237,39810
1778187600,1.17282,1.17348,1.17232,1.1727,11311
1778202000,1.17271,1.1736,1.17246,1.17354,14013
1778216400,1.17355,1.17659,1.1733,1.1764,22374
1778230800,1.1764,1.17788,1.17576,1.17741,27947
1778245200,1.1774,1.17872,1.17664,1.17712,35045
1778259600,1.17712,1.17881,1.17706,1.17852,14472
1778446800,1.17524,1.17721,1.17483,1.177,10859
1778461200,1.177,1.17712,1.17502,1.17506,11099
1778475600,1.17504,1.17823,1.17488,1.17714,17851
1778490000,1.17714,1.17747,1.17635,1.17745,19171
1778504400,1.17747,1.17878,1.17724,1.17733,28101
1778518800,1.17734,1.1783,1.1771,1.17824,11411
1778533200,1.17814,1.17878,1.17663,1.17672,7010
1778547600,1.17672,1.17691,1.17547,1.17571,13938
1778562000,1.17572,1.17682,1.17394,1.17446,26455
1778576400,1.17445,1.17516,1.17349,1.17478,25749
1778590800,1.17476,1.175,1.17218,1.17283,35992
1778605200,1.17284,1.17468,1.17274,1.17403,14774
1778619600,1.17366,1.17414,1.1733,1.17382,6773
1778634000,1.17382,1.17418,1.1732,1.17346,10207
1778648400,1.17346,1.1737,1.17004,1.17032,17316
1778662800,1.17032,1.17172,1.16954,1.17018,23990
1778677200,1.17019,1.1718,1.17011,1.17088,28176
1778691600,1.17086,1.1714,1.17042,1.17136,12646
1778706000,1.17102,1.17186,1.17102,1.17172,6031
1778720400,1.1717,1.17178,1.17097,1.17144,12009
1778734800,1.17146,1.17216,1.1705,1.17111,19984
1778749200,1.17112,1.17134,1.16964,1.16971,20953
1778763600,1.16972,1.17002,1.16708,1.16764,35410
1778778000,1.16764,1.16808,1.16657,1.16698,14608
1778792400,1.16702,1.1674,1.16523,1.16554,8978
1778806800,1.16553,1.16576,1.16458,1.16474,15075
1778821200,1.16475,1.1649,1.16306,1.1633,29559
1778835600,1.1633,1.16555,1.16172,1.16264,34104
1778850000,1.16264,1.16379,1.1619,1.16299,37391
1778864400,1.163,1.16356,1.1617,1.16252,15018
1779051600,1.16196,1.1625,1.16082,1.16116,13616
1779066000,1.16116,1.16262,1.16085,1.16208,17782
1779080400,1.16208,1.16453,1.16169,1.16416,23632
1779094800,1.16415,1.16574,1.16265,1.16514,29941
1779109200,1.16513,1.16563,1.16334,1.16516,41546
1779123600,1.16514,1.16611,1.16288,1.16563,25737
1779138000,1.16558,1.16618,1.16438,1.16444,9304
1779152400,1.16446,1.16528,1.16354,1.16366,15376
1779166800,1.16368,1.16458,1.16223,1.16234,22608
1779181200,1.16232,1.16266,1.1611,1.16165,27141
1779195600,1.16165,1.1618,1.15922,1.16072,43360
1779210000,1.1607,1.16149,1.16026,1.16066,14804
1779224400,1.16055,1.1613,1.16009,1.16014,9230
1779238800,1.16013,1.16068,1.15936,1.15973,19396
1779253200,1.15972,1.1606,1.15834,1.15904,22102
1779267600,1.15904,1.16056,1.15874,1.15954,19117
1779282000,1.15953,1.16452,1.15828,1.16256,59207
1779296400,1.16256,1.16358,1.1616,1.16255,21612
1779310800,1.16242,1.1629,1.1622,1.16286,8450
1779325200,1.16287,1.16353,1.16156,1.16222,13354
1779339600,1.16222,1.16357,1.15942,1.16237,34280
1779354000,1.16238,1.16334,1.15934,1.15972,34556
1779368400,1.15972,1.16012,1.15763,1.15954,45152
1779382800,1.15956,1.16302,1.15928,1.16175,38470
1779397200,1.16194,1.16232,1.16124,1.16144,6319
1779411600,1.16142,1.16158,1.16087,1.16152,8273
1779426000,1.16151,1.1617,1.16013,1.16078,19088
1779440400,1.16078,1.16081,1.15934,1.16044,21453
1779454800,1.16044,1.16185,1.15883,1.16112,33845
1779469200,1.16114,1.16192,1.15982,1.16023,18321
1779656400,1.16394,1.1649,1.16306,1.16366,10617
1779670800,1.16367,1.16471,1.16356,1.1642,12059
1779685200,1.16421,1.16452,1.16296,1.16437,15821
1779699600,1.16436,1.16528,1.16404,1.16482,11700
1779714000,1.16482,1.16498,1.16368,1.16412,13425
1779728400,1.16412,1.16441,1.16404,1.16433,4028
1779742800,1.16404,1.16443,1.1634,1.16387,8528
1779757200,1.16388,1.16398,1.16294,1.16298,9415
1779771600,1.16297,1.16422,1.1624,1.16365,17155
1779786000,1.16366,1.16452,1.16312,1.1632,17621
1779800400,1.16318,1.16331,1.16164,1.1624,26606
1779814800,1.1624,1.1633,1.16214,1.16317,9445
1779829200,1.16286,1.16406,1.16276,1.16381,8816
1779843600,1.1638,1.16426,1.16327,1.16413,9956
1779858000,1.16412,1.16494,1.16374,1.1645,16733
1779872400,1.16448,1.16615,1.1633,1.1644,29902
1779886800,1.16439,1.16523,1.16225,1.16324,40642
1779901200,1.16324,1.1633,1.16222,1.16258,11252
1779915600,1.1628,1.16312,1.16162,1.16206,9120
1779930000,1.16206,1.16212,1.15864,1.15918,16225
1779944400,1.15918,1.16178,1.15891,1.16156,19123
1779958800,1.16157,1.16384,1.16034,1.16366,22465
1779973200,1.16367,1.16614,1.1627,1.16569,43392
1779987600,1.1657,1.16574,1.1645,1.16497,13967
1780002000,1.16522,1.16556,1.16475,1.16488,6651
1780016400,1.16489,1.16566,1.16343,1.16391,11717
1780030800,1.16392,1.16544,1.1625,1.16283,18190
1780045200,1.16282,1.16491,1.16266,1.1649,19900
1780059600,1.16492,1.16859,1.16406,1.16723,40086
1780074000,1.16722,1.16734,1.16587,1.16621,17055
1780261200,1.16543,1.16618,1.1645,1.16477,17030
1780275600,1.16478,1.16491,1.16416,1.16482,9086
1780290000,1.16482,1.16648,1.16479,1.16578,17293
1780304400,1.16577,1.16606,1.16416,1.16474,18059
1780318800,1.16474,1.16482,1.16068,1.16298,47395
1780333200,1.163,1.1638,1.16252,1.16321,14802
1780347600,1.163,1.1637,1.16294,1.16315,6346
1780362000,1.16316,1.16388,1.16284,1.16379,9522
1780376400,1.1638,1.16526,1.16362,1.16436,16000
1780390800,1.16437,1.16558,1.16384,1.16505,16515
1780405200,1.16505,1.16524,1.16268,1.16284,25566
1780419600,1.16283,1.16349,1.16135,1.1631,10056
1780434000,1.16299,1.16332,1.16198,1.16289,7649
1780448400,1.1629,1.16336,1.16244,1.16256,9046
1780462800,1.16256,1.16271,1.16051,1.16082,20939
1780477200,1.16082,1.1623,1.15968,1.16005,21927
1780491600,1.16006,1.1613,1.15949,1.16002,36274
1780506000,1.16004,1.16036,1.15954,1.15986,9960
1780520400,1.15998,1.16126,1.15946,1.16068,9050
1780534800,1.16068,1.16132,1.16026,1.16098,9819
1780549200,1.16098,1.1615,1.15986,1.16133,17749
1780563600,1.16132,1.16455,1.16132,1.1637,24960
1780578000,1.1637,1.164,1.16224,1.16234,21290
1780592400,1.16233,1.1624,1.16082,1.1611,7326
1780606800,1.16154,1.16162,1.1611,1.16128,5801
1780621200,1.16128,1.1617,1.161,1.16162,10684
1780635600,1.16162,1.164,1.1613,1.16368,14998
1780650000,1.16366,1.16445,1.15863,1.15866,26672
1780664400,1.15868,1.15998,1.15226,1.15322,51497
1780678800,1.15324,1.15332,1.1518,1.15226,21739
1780866000,1.15115,1.15337,1.15088,1.15335,11107
1780880400,1.15336,1.15348,1.15118,1.15314,21878
1780894800,1.15316,1.15398,1.15079,1.15084,28807
1780909200,1.15084,1.15438,1.14997,1.15422,34409
1780923600,1.15424,1.15548,1.15318,1.15389,33636
1780938000,1.1539,1.15421,1.15278,1.15324,15167
1780952400,1.1537,1.1539,1.1527,1.15314,7594
1780966800,1.15315,1.15484,1.15305,1.15456,11870
1780981200,1.15456,1.15536,1.15365,1.15508,21410
1780995600,1.15509,1.15749,1.15504,1.15736,15690
1781010000,1.15738,1.15781,1.15286,1.1541,46311
1781024400,1.15408,1.15532,1.15396,1.1544,23267
1781038800,1.15454,1.15456,1.15332,1.15424,10244
1781053200,1.15426,1.15522,1.15354,1.15464,17039
1781067600,1.15464,1.15588,1.15454,1.15536,21160
1781082000,1.15538,1.15649,1.15357,1.15486,34467
1781096400,1.15485,1.15731,1.15344,1.15539,46122
1781110800,1.1554,1.15577,1.1535,1.15357,20994
1781125200,1.15366,1.1543,1.15257,1.15425,16487
1781139600,1.15426,1.15561,1.15416,1.15484,18379
1781154000,1.15484,1.15556,1.15307,1.15323,20798
1781168400,1.15322,1.15435,1.15164,1.15398,29937
1781182800,1.15399,1.15406,1.15074,1.1509,38324
1781197200,1.15088,1.15899,1.1503,1.15792,58866
1781211600,1.15786,1.15866,1.15662,1.15696,11628
1781226000,1.15697,1.15753,1.15616,1.15716,16925
1781240400,1.15716,1.15858,1.15572,1.15768,31308
1781254800,1.15769,1.15897,1.15601,1.15635,27440
1781269200,1.15636,1.15835,1.15618,1.15746,44524
1781283600,1.15747,1.15786,1.15658,1.15669,14950
1781470800,1.15752,1.16176,1.15726,1.15988,16753
1781485200,1.15988,1.16134,1.15942,1.16127,10393
1781499600,1.16128,1.16221,1.15972,1.16016,21042
1781514000,1.16016,1.16197,1.16007,1.16154,18492
1781528400,1.16154,1.16205,1.15967,1.16036,24406
1781542800,1.16035,1.16041,1.15836,1.15894,12724
1781557200,1.15939,1.15958,1.15856,1.15931,6621
1781571600,1.1593,1.15952,1.15758,1.1579,11622
1781586000,1.1579,1.16065,1.15748,1.16058,16861
1781600400,1.16058,1.16131,1.15914,1.15996,18072
1781614800,1.15995,1.16198,1.1588,1.16133,27320
1781629200,1.16132,1.16142,1.16058,1.16085,12195
1781643600,1.16098,1.16168,1.16085,1.16148,10783
1781658000,1.16146,1.16161,1.16084,1.16124,6308
1781672400,1.16124,1.16149,1.15982,1.1602,13777
1781686800,1.1602,1.1606,1.15854,1.16022,15056
1781701200,1.16022,1.16028,1.1581,1.15917,23566
1781715600,1.15917,1.15963,1.14779,1.1502,89213
1781730000,1.15013,1.15208,1.15003,1.15155,11733
1781744400,1.15154,1.15264,1.15131,1.15232,12146
1781758800,1.15232,1.15283,1.14821,1.14826,25989
1781773200,1.14826,1.1486,1.14532,1.14694,38006
1781787600,1.14694,1.14876,1.14614,1.14653,41090
1781802000,1.14654,1.14736,1.14513,1.14579,20148
1781816400,1.1463,1.14658,1.14572,1.1462,8090
1781830800,1.1462,1.14634,1.14274,1.14288,12464
1781845200,1.14288,1.14659,1.1418,1.14644,26187
1781859600,1.14644,1.1475,1.14526,1.14711,19687
1781874000,1.14712,1.14762,1.14568,1.1469,18900
1781888400,1.1469,1.14807,1.14658,1.14712,11685
1782075600,1.14638,1.14697,1.14574,1.14666,10651
1782090000,1.14665,1.14737,1.1453,1.1456,14943
1782104400,1.14561,1.14634,1.14416,1.1451,23207
1782118800,1.1451,1.14636,1.14475,1.1455,21749
1782133200,1.14549,1.14552,1.14254,1.1431,40104
1782147600,1.1431,1.14335,1.1419,1.14284,11069
1782162000,1.14272,1.14302,1.14225,1.1427,7001
1782176400,1.14271,1.1432,1.14186,1.14211,12078
1782190800,1.1421,1.14391,1.14046,1.14082,26993
1782205200,1.14083,1.14128,1.13826,1.13888,21930
1782219600,1.13891,1.14002,1.13757,1.13796,31707
1782234000,1.13795,1.1383,1.13762,1.13818,11227
1782248400,1.13837,1.13845,1.13733,1.13763,8519
1782262800,1.13764,1.1377,1.13613,1.1363,14371
1782277200,1.1363,1.13753,1.13378,1.13528,23191
1782291600,1.13526,1.13537,1.13252,1.1329,25651
1782306000,1.13291,1.1368,1.13246,1.13596,39003
1782320400,1.13597,1.13612,1.1349,1.13586,18205
1782334800,1.13618,1.13637,1.13477,1.13534,7710
1782349200,1.13536,1.13712,1.13532,1.13672,13320
1782363600,1.1367,1.13726,1.13448,1.13676,19914
1782378000,1.13676,1.13741,1.13335,1.13536,24759
1782392400,1.13536,1.13882,1.13492,1.13741,43437
1782406800,1.1374,1.13806,1.13686,1.13702,14141
1782421200,1.13719,1.13742,1.13604,1.13648,10860
1782435600,1.13648,1.13772,1.13542,1.13771,15095
1782450000,1.1377,1.14076,1.13716,1.14014,23419
1782464400,1.14014,1.1434,1.13938,1.14272,24773
1782478800,1.14274,1.14298,1.1383,1.13898,37476
1782493200,1.13899,1.13932,1.1381,1.1385,13519
1782680400,1.13897,1.13918,1.13812,1.13876,8428
1782694800,1.13877,1.13936,1.13809,1.13827,13343
1782709200,1.13826,1.1415,1.13826,1.1396,20973
1782723600,1.13962,1.14117,1.13945,1.14027,19352
1782738000,1.14026,1.14306,1.14007,1.14258,30536
1782752400,1.1426,1.14292,1.14214,1.14242,9894
1782766800,1.14244,1.14271,1.14124,1.14164,6830
1782781200,1.14165,1.14173,1.1389,1.13891,13068
1782795600,1.1389,1.14095,1.13827,1.13936,23615
1782810000,1.13936,1.1403,1.13864,1.13963,23014
1782824400,1.13962,1.14367,1.13912,1.14142,37030
1782838800,1.14142,1.14274,1.14142,1.14218,11304
1782853200,1.14219,1.14233,1.14086,1.14096,6304
1782867600,1.14096,1.14108,1.14018,1.14086,12430
1782882000,1.14087,1.14106,1.13931,1.13965,18791
1782896400,1.13966,1.14004,1.1369,1.13712,21386
1782910800,1.13712,1.14119,1.13618,1.13824,53800
1782925200,1.13824,1.1386,1.1374,1.13782,13921
1782939600,1.1378,1.13833,1.1375,1.13767,4953
1782954000,1.13766,1.13885,1.13764,1.13869,11316
1782968400,1.13872,1.1421,1.13816,1.14202,28892
1782982800,1.14202,1.1473,1.13954,1.14514,44363
1782997200,1.14513,1.14584,1.14337,1.14378,53028
1783011600,1.14376,1.14376,1.14262,1.14337,13822
1783026000,1.1433,1.14357,1.14207,1.14307,8010
1783040400,1.14308,1.14462,1.14302,1.14462,13225
1783054800,1.14462,1.14622,1.14457,1.14528,19729
1783069200,1.14527,1.14572,1.14404,1.1447,14365
1783083600,1.1447,1.1448,1.14349,1.14376,12457
1783098000,1.14378,1.14422,1.14333,1.14376,15792
1783285200,1.14385,1.14412,1.14328,1.14384,8150
1783299600,1.14384,1.14388,1.14276,1.14328,11914
1783314000,1.14329,1.14333,1.14154,1.14206,20054
1783328400,1.14206,1.14214,1.14098,1.14132,17170
1783342800,1.14133,1.1432,1.14085,1.14306,21309
1783357200,1.14306,1.1445,1.14301,1.14408,9006
1783371600,1.1442,1.14481,1.14381,1.14386,7250
1783386000,1.14386,1.14474,1.14354,1.14356,12091
1783400400,1.14354,1.14374,1.14248,1.14279,18492
1783414800,1.14278,1.14422,1.14236,1.14366,17583
1783429200,1.14366,1.14419,1.1418,1.14236,27367
1783443600,1.14236,1.14298,1.1408,1.14114,15538
1783458000,1.14136,1.14154,1.14001,1.1408,9519
1783472400,1.14081,1.14165,1.13985,1.14144,13923
1783486800,1.14144,1.14316,1.14005,1.14103,32171
1783501200,1.14102,1.14146,1.13931,1.13962,33836
1783515600,1.1396,1.14148,1.13912,1.14142,35564
1783530000,1.14142,1.14304,1.14142,1.14162,15486
1783544400,1.14186,1.14302,1.14158,1.14257,5544
1783558800,1.14258,1.14304,1.142,1.14268,10800
1783573200,1.14268,1.14494,1.14256,1.14267,20140
1783587600,1.14266,1.14359,1.14212,1.1425,19142
1783602000,1.14248,1.14461,1.1424,1.14369,23005
1783616400,1.14368,1.14408,1.14256,1.14302,8546
1783630800,1.14329,1.14421,1.14292,1.14402,6642
1783645200,1.144,1.14608,1.14382,1.14428,16705
1783659600,1.14429,1.14475,1.14304,1.14306,20053
1783674000,1.14306,1.1442,1.14233,1.14292,19835
1783688400,1.14292,1.14413,1.14118,1.14296,29944
1783702800,1.14296,1.14312,1.14116,1.1415,12396
1783890000,1.14018,1.14067,1.13884,1.13955,11848
1783904400,1.13956,1.14051,1.13844,1.14038,14989
1783918800,1.14039,1.14458,1.13958,1.1436,30962
1783933200,1.1436,1.14374,1.14204,1.14309,21665
1783947600,1.1431,1.14334,1.13828,1.13888,34863
1783962000,1.13888,1.13908,1.13775,1.13804,12688
1783976400,1.13843,1.13896,1.13782,1.13848,11432
1783990800,1.13846,1.13967,1.13846,1.13908,15907
1784005200,1.13908,1.1406,1.13842,1.13996,21001
1784019600,1.13996,1.14628,1.13898,1.1446,38040
1784034000,1.1446,1.1459,1.14241,1.1432,48364
1784048400,1.1432,1.14333,1.14162,1.14209,15265
1784062800,1.14222,1.14343,1.14175,1.14331,7422
1784077200,1.1433,1.14424,1.14324,1.14371,13085
1784091600,1.1437,1.14438,1.14199,1.14244,19812
1784106000,1.14244,1.14302,1.1406,1.14284,24108
1784120400,1.14286,1.14422,1.14237,1.14422,35323
1784134800,1.14422,1.14824,1.1442,1.14636,20454
1784149200,1.14642,1.14746,1.14634,1.14739,8231
1784163600,1.14738,1.1474,1.14602,1.14663,11557
1784178000,1.14664,1.14764,1.14622,1.1466,19788
1784192400,1.1466,1.14706,1.1447,1.14476,23057
1784206800,1.14477,1.14592,1.14342,1.14348,27826
1784221200,1.14348,1.14444,1.1431,1.14431,11530
1784235600,1.14412,1.14469,1.14411,1.14468,5434
1784250000,1.14468,1.14482,1.14346,1.14362,11040
1784264400,1.1436,1.14522,1.14356,1.14412,19064
1784278800,1.14411,1.14425,1.14246,1.14292,19016
1784293200,1.14291,1.14444,1.14244,1.14382,26731
1784307600,1.14383,1.14424,1.14334,1.14382,10207
1784494800,1.14268,1.14336,1.14239,1.14335,8273
1784509200,1.14336,1.14451,1.14312,1.14444,11104
1784523600,1.14444,1.14496,1.14341,1.1439,16899
1784538000,1.1439,1.14406,1.1417,1.14238,20536
1784552400,1.1424,1.14247,1.14025,1.14116,22707
1784566800,1.14116,1.14188,1.14113,1.14138,10298
1784581200,1.14148,1.14184,1.14102,1.14132,6057
1784595600,1.14133,1.1418,1.1409,1.14179,9557
1784610000,1.1418,1.14276,1.14158,1.14212,14316
1784624400,1.14211,1.14287,1.14132,1.14172,15218
1784638800,1.14174,1.14196,1.14026,1.14081,22342
1784653200,1.14082,1.14106,1.13974,1.1398,8245
1784667600,1.13988,1.14072,1.13982,1.1404,6266
1784682000,1.1404,1.141,1.13988,1.14084,9190
1784696400,1.14084,1.14184,1.14034,1.14101,17606
1784710800,1.14099,1.14136,1.14004,1.14078,19345
1784725200,1.14078,1.14217,1.14062,1.14093,22426
1784739600,1.14092,1.14128,1.1408,1.1412,8216
1784754000,1.14104,1.14176,1.1406,1.14172,6023
1784768400,1.14174,1.14358,1.1416,1.14326,13713
1784782800,1.14326,1.1435,1.1407,1.14106,18532
1784797200,1.14105,1.14152,1.13756,1.1385,25556
1784811600,1.13851,1.13863,1.13638,1.138,37015
1784826000,1.13801,1.1381,1.13712,1.13775,11690
1784840400,1.13754,1.13843,1.13752,1.13843,7256
1784854800,1.13844,1.13876,1.13768,1.13792,10373
1784869200,1.13792,1.14012,1.13765,1.13834,17670
1784883600,1.13834,1.1393,1.13674,1.13698,18259
1784898000,1.13698,1.13908,1.1365,1.13778,26973
1784912400,1.13777,1.13778,1.13674,1.13706,8253
1785099600,1.13958,1.1413,1.13881,1.14016,11520
1785114000,1.14016,1.14144,1.14012,1.14037,10914
1785128400,1.14036,1.14184,1.13948,1.14023,19147
1785142800,1.14022,1.14033,1.13764,1.13834,18652
1785157200,1.13834,1.13866,1.13683,1.13798,25689
1785171600,1.13798,1.13798,1.1367,1.13683,10807
1785186000,1.13686,1.13746,1.13668,1.13742,9578
1785200400,1.13744,1.13802,1.1368,1.13687,10077
1785214800,1.13687,1.13736,1.13618,1.13726,15013
1785229200,1.13725,1.13731,1.13532,1.13658,16094
1785243600,1.13659,1.14053,1.13658,1.13958,26757
1785258000,1.13958,1.1398,1.13855,1.13864,9630
1785272400,1.13904,1.1393,1.13822,1.13909,7316
1785286800,1.1391,1.14036,1.13854,1.14011,11838
1785301200,1.14013,1.1403,1.139,1.13964,14711
1785315600,1.13964,1.1397,1.13746,1.13784,16801
1785330000,1.13784,1.1397,1.13766,1.13852,23153
1785344400,1.1385,1.14709,1.13845,1.14668,68139
1785358800,1.14599,1.14751,1.14552,1.1458,13281
1785373200,1.1458,1.14612,1.14479,1.1451,9112
1785387600,1.1451,1.14568,1.14344,1.14482,21298
1785402000,1.14482,1.14843,1.14482,1.14725,30583
1785416400,1.14726,1.1537,1.14696,1.15285,72599
1785430800,1.15288,1.15358,1.15138,1.1528,19456
1785445200,1.15261,1.15312,1.15153,1.1518,11779
1785459600,1.15182,1.15214,1.15044,1.15082,16370
1785474000,1.15082,1.15262,1.15044,1.15212,26794
1785488400,1.15214,1.1525,1.14814,1.14882,29049
1785502800,1.14882,1.15192,1.14551,1.15172,57535
1785517200,1.15172,1.15476,1.1517,1.15306,35071
1785704400,1.15485,1.1559,1.1535,1.15424,26295
1785718800,1.15426,1.1546,1.1527,1.15342,19115
1785733200,1.15342,1.15388,1.15206,1.15228,21636
1785747600,1.15226,1.15352,1.15169,1.15281,19910
1785762000,1.15282,1.15351,1.15004,1.15068,32270
1785776400,1.15069,1.15148,1.15014,1.15084,10385
1785790800,1.15118,1.1515,1.15048,1.15055,9347
1785805200,1.15054,1.15146,1.15022,1.15104,12260
1785819600,1.15102,1.15172,1.15038,1.15079,18330
1785834000,1.15078,1.15234,1.15032,1.15149,23182
1785848400,1.15148,1.15309,1.15093,1.15187,27620
1785862800,1.15188,1.15341,1.15186,1.15324,10349
1785877200,1.15286,1.15356,1.15285,1.15314,6677
1785891600,1.15315,1.15406,1.15268,1.15362,13337
1785906000,1.15362,1.15468,1.15312,1.15356,19893
1785920400,1.15357,1.15572,1.15336,1.15456,21171
1785934800,1.15456,1.1557,1.15402,1.1546,32781
1785949200,1.1546,1.15594,1.15428,1.15534,11467
1785963600,1.15548,1.15597,1.15512,1.15564,8287
1785978000,1.15564,1.1558,1.15469,1.15491,9785
1785992400,1.15492,1.15516,1.1539,1.15433,14792
1786006800,1.15432,1.15469,1.15365,1.15386,15125
1786021200,1.15388,1.1545,1.15147,1.15206,25666
1786035600,1.15207,1.15258,1.15172,1.15242,10679
1786050000,1.15245,1.15246,1.1518,1.15191,5521
1786064400,1.1519,1.15256,1.15184,1.15236,8705
1786078800,1.15236,1.15254,1.15177,1.15236,13421
1786093200,1.15235,1.15808,1.1523,1.15727,31024
1786107600,1.15726,1.15754,1.15502,1.1559,37893
1786122000,1.15589,1.15702,1.15558,1.1558,12602
1786309200,1.15664,1.15665,1.1554,1.15582,6707
1786323600,1.15582,1.15592,1.1548,1.15515,10072
1786338000,1.15514,1.15658,1.155,1.15609,15622
1786352400,1.1561,1.15638,1.1545,1.1547,16390
1786366800,1.15472,1.15558,1.15438,1.1547,22044
1786381200,1.15471,1.15476,1.154,1.15425,9483
1786395600,1.15429,1.15498,1.1542,1.15462,5446
1786410000,1.15461,1.15498,1.15386,1.15428,10134
1786424400,1.15428,1.15434,1.15314,1.15362,16644
1786438800,1.15362,1.15442,1.1533,1.15415,18308
1786453200,1.15414,1.15484,1.15366,1.15394,19104
1786467600,1.15396,1.15438,1.15344,1.1543,7895
1786482000,1.1541,1.15448,1.15396,1.15408,4517
1786496400,1.15408,1.15408,1.1533,1.15359,7104
1786510800,1.1536,1.15401,1.15322,1.15372,10524
1786525200,1.15374,1.15634,1.15325,1.15594,32294
1786539600,1.15596,1.15628,1.15246,1.15282,31618
1786554000,1.15281,1.15307,1.15199,1.1525,9274
1786568400,1.15274,1.15314,1.1522,1.15289,4856
1786582800,1.1529,1.1531,1.15198,1.1526,9419
1786597200,1.1526,1.15286,1.15118,1.15241,14170
1786611600,1.15242,1.15444,1.15232,1.15439,16401
1786626000,1.15441,1.15456,1.15244,1.15296,28450
1786640400,1.15296,1.15324,1.15258,1.15293,9332
1786654800,1.15286,1.15393,1.15265,1.15384,4868
1786669200,1.15382,1.15404,1.1532,1.15388,8289
1786683600,1.15388,1.15576,1.15384,1.15556,14101
1786698000,1.15555,1.1579,1.15511,1.1566,21113
1786712400,1.15661,1.15854,1.15622,1.15712,28168
1786726800,1.15712,1.15715,1.1563,1.15704,9689
1786914000,1.1564,1.1581,1.1564,1.15801,6780
1786928400,1.15802,1.1588,1.15782,1.15848,9486
1786942800,1.15848,1.16142,1.15828,1.15989,20260
1786957200,1.15989,1.16024,1.15872,1.15975,19507
1786971600,1.15976,1.15998,1.15818,1.15884,20864
1786986000,1.15884,1.15897,1.15711,1.15796,10766
1787000400,1.15822,1.1585,1.15778,1.15826,4848
1787014800,1.15824,1.15858,1.157,1.15715,10183
1787029200,1.15716,1.15778,1.15666,1.15762,15683
1787043600,1.15762,1.15799,1.15717,1.1574,14192
1787058000,1.15742,1.15884,1.15706,1.15797,26223
1787072400,1.15796,1.15808,1.15718,1.15752,9171
1787086800,1.15763,1.15818,1.15734,1.15741,7653
1787101200,1.15742,1.15872,1.15702,1.15858,13772
1787115600,1.15858,1.16052,1.15846,1.1598,17334
1787130000,1.15982,1.16436,1.15964,1.16356,25838
1787144400,1.16356,1.16772,1.16356,1.16684,48059
1787158800,1.16685,1.16792,1.16585,1.16774,21565
1787173200,1.1677,1.16808,1.16722,1.16743,8632
1787187600,1.16744,1.1684,1.167,1.16729,16954
1787202000,1.1673,1.16999,1.16702,1.16987,23186
1787216400,1.16988,1.17105,1.16778,1.16887,27828
1787230800,1.16888,1.16948,1.16694,1.16733,41326
1787245200,1.16732,1.16798,1.167,1.16785,11291
1787259600,1.16783,1.16898,1.16771,1.16833,6733
1787274000,1.16832,1.1701,1.1683,1.16932,13338
1787288400,1.16931,1.17064,1.16867,1.17052,20249
1787302800,1.17052,1.17116,1.16851,1.16906,25416
1787317200,1.16906,1.16912,1.16688,1.16818,28405
1787331600,1.16817,1.16841,1.16742,1.16766,10434
1787518800,1.16766,1.16872,1.1673,1.16853,7121
1787533200,1.16852,1.16864,1.16754,1.16828,13019
1787547600,1.16829,1.16832,1.16606,1.16632,21272
1787562000,1.16633,1.1674,1.16604,1.16694,22448
1787576400,1.16695,1.16748,1.16629,1.16648,28181
1787590800,1.16649,1.16667,1.16553,1.1664,12762
1787605200,1.16626,1.1671,1.16618,1.16687,5797
1787619600,1.16688,1.16688,1.16548,1.16558,10017
1787634000,1.16558,1.16678,1.16511,1.16676,17892
1787648400,1.16674,1.16738,1.16584,1.16664,20721
1787662800,1.16664,1.16756,1.16643,1.16716,26797
1787677200,1.16714,1.16798,1.16687,1.16745,10646
1787691600,1.16755,1.16772,1.16712,1.16726,5622
1787706000,1.16725,1.16742,1.16606,1.1662,10777
1787720400,1.16621,1.1677,1.16598,1.16712,14676
1787734800,1.16712,1.16753,1.16556,1.1656,18637
1787749200,1.16558,1.1659,1.16422,1.16497,28130
1787763600,1.16496,1.1655,1.16487,1.16534,8002
1787778000,1.16522,1.16583,1.16501,1.16565,6523
1787792400,1.16566,1.16595,1.16534,1.16556,8708
1787806800,1.16556,1.1658,1.16477,1.16482,15633
1787821200,1.16482,1.16485,1.16366,1.1641,19120
1787835600,1.1641,1.166,1.164,1.16522,25849
1787850000,1.16524,1.1654,1.1646,1.16521,8998
1787864400,1.16514,1.16548,1.16504,1.16532,4904
1787878800,1.16531,1.16554,1.16449,1.16456,7882
1787893200,1.16455,1.16492,1.16417,1.16446,14818
1787907600,1.16444,1.16505,1.16394,1.16491,15599
1787922000,1.1649,1.16596,1.15848,1.1587,59751
1787936400,1.15868,1.15892,1.15778,1.15821,16086
1788123600,1.15818,1.15938,1.15782,1.15923,7618
1788138000,1.15924,1.15946,1.15872,1.15909,12865
1788152400,1.15911,1.1606,1.15846,1.15942,17396
1788166800,1.15942,1.16029,1.15917,1.15953,17266
1788181200,1.15954,1.16207,1.15938,1.16166,24742
1788195600,1.16165,1.16184,1.16144,1.16172,8380
1788210000,1.16178,1.16246,1.16125,1.16182,5972
1788224400,1.16182,1.16188,1.1603,1.16058,10444
1788238800,1.16058,1.161,1.1588,1.1594,18104
1788253200,1.15941,1.16012,1.15882,1.15931,18596
1788267600,1.15931,1.16083,1.15848,1.15856,26409
1788282000,1.15857,1.15956,1.1585,1.15923,11420
1788296400,1.15904,1.15962,1.15833,1.15833,8244
1788310800,1.15832,1.15844,1.1574,1.1576,11620
1788325200,1.15761,1.1585,1.15665,1.15734,20952
1788339600,1.15732,1.15857,1.1567,1.15784,23392
1788354000,1.15784,1.16094,1.15779,1.15874,37740
1788368400,1.15874,1.159,1.15826,1.15885,11070
1788382800,1.15874,1.1591,1.15835,1.15895,5750
1788397200,1.15896,1.16004,1.15851,1.15956,14623
1788411600,1.15955,1.16148,1.15936,1.16091,29640
1788426000,1.16092,1.16302,1.15979,1.16258,33712
1788440400,1.16259,1.16414,1.16133,1.16368,39719
1788454800,1.16368,1.16386,1.1625,1.16256,11945
1788469200,1.16262,1.16314,1.16228,1.1628,8603
1788483600,1.1628,1.16332,1.16224,1.16265,14507
1788498000,1.16267,1.16304,1.16188,1.16252,15323
1788512400,1.16252,1.16271,1.15848,1.16017,34837
1788526800,1.16018,1.16248,1.15964,1.16207,39497
1788541200,1.16205,1.16207,1.16086,1.16138,10389